altitude_abv_gnd,altitude,angle_of_attack,velocity_body_x,velocity_body_y,velocity_body_z,velocity_world_x,velocity_world_y,velocity_world_z,velocity_rot_body_x,velocity_rot_body_y,velocity_rot_body_z,wind_velocity_body_x,wind_velocity_body_y,wind_velocity_body_z,wind_velocity_world_x,wind_velocity_world_y,wind_velocity_world_z,acceleration_body_x,acceleration_body_y,acceleration_body_z,pitch,bank,heading,rudder,elevator,aileron,flaps_handle_ind,spoilers_handle_ind,General_Eng_Rpm_1,General_Eng_Throttle_Lever_Position_1,time
3099.0812149863077,3099.0812149863077,0.0379445573372509,-1.2080565475576408,-10.426808296413034,280.03406492068234,186.09011250691304,11.117594075049178,209.2274575156973,0.1723967357778936,-0.0300067399862357,0.0029986168562639,-1.2157882052463571,-10.630953813942496,280.03624124673064,0,0,-0.0002210257268054,0.8038616410556428,21.637206772247808,-0.1607220706619692,-0.0766075104475021,0.0616165786905518,0.7912127359832639,0,0.1480712890625,0.0,0,0,2699.8889477830467,0.9,0
3099.6174151305936,3099.6174151305936,0.0339375356618892,-1.1606751006714982,-9.231245216143746,280.0337142112443,185.9814753129297,11.399503849248251,209.2519652407433,0.3345366247421398,-0.0351971443143033,0.0037972501475942,-1.1721694959402775,-9.50727369361772,280.0328075418028,0,0,-0.0002210257268054,1.2046081000207096,29.88381722748833,0.186859190373178,-0.0729093328118324,0.0616837805670196,0.790969592482462,0,0.0,0.0,0,0,2699.950268292193,0.9,47
3100.161465380848,3100.161465380848,0.028598609422656,-1.0910281896350489,-7.691095495621801,280.04741306626846,185.8962104397141,11.436870592606065,209.2813599623692,0.4339355723949469,-0.0414281463632772,0.0047653882613295,-1.1074107639414783,-8.0110735610625,280.04471441576914,0,0,-0.0002210257268054,1.7210050359687714,33.76302672649876,0.3466130363440567,-0.0672376826405525,0.0617609445982037,0.7907621951818411,0,0.0,0.0,0,0,2700.016307931968,0.9,95
3100.701536988436,3100.701536988436,0.0228982593790523,-0.9991533433569496,-6.104082952772806,280.06389621485795,185.8375648174828,11.189930307928446,209.3161019166952,0.4773603311143414,-0.0457197310405578,0.0058099839163495,-1.0193837076053658,-6.414036058537825,280.06124346596886,0,0,-0.0002210257268054,2.101658118903317,32.22845267224249,0.3302138772849417,-0.060542244464159,0.0618520546192222,0.790539062578274,0,0.0,0.0,0,0,2700.0803348589247,0.9,142
3101.223498643885,3101.223498643885,0.0186188184859655,-0.8782557714855348,-5.166668049913688,280.06834464084864,185.80515329726572,10.638407872091342,209.3537953779067,0.0977686559436953,-0.043974094580503,-0.731459734474169,-0.9073713101074627,-5.215184593073656,280.07050771854216,0,0,-0.0002210257268054,3.089425395000829,1.4794345311858932,-0.2301138993576459,-0.0561865121126174,0.0570717950690985,0.7901310595618034,0,0.3848591446876525,0.2288940250873565,0,0,2700.1335641314145,0.9,190
3101.714834699424,3101.714834699424,0.0198072104320244,-0.7164842096064488,-5.753527792980151,280.04573822682903,185.7789145277183,10.04141795532907,209.39100859444557,-0.1890878075661636,-0.0310330729380969,-1.2757239723412408,-0.7510720358091589,-5.547785559368457,280.05256200463606,0,0,-0.0002210257268054,3.6086428648193625,-23.492710786352824,-0.705957567947189,-0.0569680519402027,0.0417318162841771,0.7895459491720328,0,0.3848591446876525,0.2288940250873565,0,0,2700.1643702645097,0.9,237
3102.183166848343,3102.183166848343,0.0244208851116928,-0.5655356384511436,-7.14807343538053,280.001740550831,185.7499315866784,9.627245252104144,209.41983418362588,-0.3367828498685298,-0.0145501285808903,-0.7162809320671751,-0.5898770611819145,-6.839516984246839,280.01267150536125,0,0,-0.0002210257268054,2.322758012638212,-32.82282950830665,-1.130026300749175,-0.0608949400484561,0.0273088754845024,0.7890821858040165,0,0.3610351681709289,0.0859138891100883,0,0,2700.16444193287,0.9,285
3102.636558719294,3102.636558719294,0.0301241032897818,-0.4854270979422835,-8.761897452994509,279.9383292999058,185.71671797146772,9.491165560519606,209.43183109908392,-0.4142873130528781,-0.0006873946719977,-0.5607826680256313,-0.4979912943329563,-8.435887057440489,279.9530686133579,0,0,-0.0002210257268054,1.1904427084067095,-34.23050044904898,-1.531687648567878,-0.0663959383964538,0.0183719316497561,0.7888519342214311,0,0.3610351681709289,0.0859138891100883,0,0,2700.130726035695,0.9,332
3103.091519874332,3103.091519874332,0.0354672622613204,-0.4720460555685233,-10.151795766781818,279.86380130910226,185.67591053979768,9.654862574800504,209.42366254401463,-0.3008021658950549,0.0087638037638729,0.180414789726146,-0.4649654750626967,-9.930696291021873,279.8787185581599,0,0,-0.0002210257268054,-1.0860199308525829,-21.67080540049851,-1.485810972964146,-0.0716705620288848,0.0151718386290204,0.7888404437163697,0,0.2458600997924804,-0.310466468334198,0,0,2700.065334735499,0.9,380
3103.559276645813,3103.559276645813,0.0383753196148684,-0.5910310430592701,-10.818588727419122,279.80104824751555,185.62471896262488,10.019735138648915,209.40172390236663,-0.1563374369510555,0.0059901842450315,0.9971578770015956,-0.5572221101094242,-10.743174714730332,279.81266618689745,0,0,-0.0002210257268054,-3.855034347498868,-6.55280461737485,-1.124607592614578,-0.0749647542834281,0.0237079379246858,0.7889050331250075,0,0.1950865685939788,-0.6052178144454956,0,0,2699.97851128369,0.9,427
3104.046058053148,3104.046058053148,0.0389232061037391,-0.8257812147342692,-10.868137263058236,279.7556725221996,185.5527907867447,10.450554263239724,209.3871528033856,-0.0520925180116072,-0.0096901032883913,1.8132969747647727,-0.7715601860934731,-10.894807932278733,279.7638357811499,0,0,-0.0001105128634027,-5.903816374252792,3.6121140841930135,-0.8023402858164098,-0.0764266178011894,0.0440847589826143,0.7888428225090383,0,0.1950865685939788,-0.6052178144454956,0,0,2699.890961383785,0.9,475
3104.553635781083,3104.553635781083,0.0380607682693998,-1.1461176976451033,-10.583516208267367,279.7212527362272,185.44916555922208,10.853719363914449,209.39939424991556,-0.0124354193425179,-0.0303746023718942,2.630582279888963,-1.0761570669345817,-10.65180799216407,279.7280375053179,0,0,-0.0001105128634027,-7.529846893050488,7.37110094628349,-0.67750851594725,-0.0768320262432098,0.0763665331510898,0.7885293880141954,0,0.2287742793560028,-0.6356514692306519,0,0,2699.8104105009734,0.9,522
3105.0778259333915,3105.0778259333915,0.0367366750909403,-1.5434022258417133,-10.198160641267284,279.6900984023152,185.3039844635607,11.190409019582043,209.45200694776,0.0079382295040177,-0.0510492208421473,3.4461791598034,-1.4577350214718552,-10.279743241570252,279.696470718084,0,0,-0.0001105128634027,-9.211873984524434,8.672021275635684,-0.6395573752287858,-0.0767907947301864,0.1204305007521049,0.787939044963852,0,0.2287742793560028,-0.6356514692306519,0,0,2699.750240319135,0.9,570
3105.6164055790177,3105.6164055790177,0.0354911245939914,-2.0085603535180456,-9.89944806723205,279.6553045101352,185.10896060423067,11.439309295253455,209.55413391023555,-0.0801853639473819,-0.0694598497124184,3.763524189118167,-1.9134889844089256,-9.929747029349578,279.66364991268364,0,0,-0.0001105128634027,-10.0646115145211,2.404841467149273,-0.8792227569392661,-0.0771399512887001,0.1734832435375637,0.7869841426833372,0,0.3117596805095672,-0.497426301240921,0,0,2699.718236912167,0.9,617
3106.165868064835,3106.165868064835,0.035588320620356,-2.4744117090546287,-10.02214820547742,279.60399186766125,184.85518414657687,11.64468917909565,209.7091177169444,-0.2168096318307505,-0.0774315807667517,3.03897619259178,-2.3864885315860724,-9.955275831739362,279.6162455255174,0,0,-0.0001105128634027,-9.139302118056222,-8.024364227691043,-1.3028164762737733,-0.0790513679385185,0.2234872111936781,0.7854811316123392,0,0.3655690848827362,-0.2337038218975067,0,0,2699.7156270505648,0.9,664
3106.725428550092,3106.725428550092,0.037344911836436,-2.8893246825368446,-10.57846932560626,279.5326465255151,184.5313311737814,11.894382437155064,209.9177475449807,-0.3072065559260203,-0.0749723202726533,2.222747869106263,-2.809449486257468,-10.444573400456129,279.5485905254938,0,0,-0.0001105128634027,-8.34539850692404,-14.516522722468313,-1.6815583766486668,-0.0825232341885566,0.2617940656900648,0.7834644803673193,0,0.3655690848827362,-0.2337038218975067,0,0,2699.7372503475,0.9,712
3107.29918581756,3107.29918581756,0.0399634937170595,-3.263029823845773,-11.331295223346457,279.44553330296526,184.13107706892703,12.245522203773584,210.1776569561564,-0.3539459836035288,-0.0712566813838061,1.4064543422037643,-3.1929080389251787,-11.1743181191748,279.46427311103974,0,0,-0.0001105128634027,-7.2601025639919134,-16.57411159233545,-1.9661424463896315,-0.0868841707706451,0.2883044640425695,0.7811176938206421,0,0.362958014011383,-0.1277244687080383,0,0,2699.7749513033464,0.9,759
3107.8930051282937,3107.8930051282937,0.0427241747289765,-3.5862527450745985,-12.082015969912566,279.3480439613785,183.65716093985816,12.720712150378336,210.48133707835828,-0.3494634715086418,-0.0678127838030467,1.0400746618714984,-3.5232256110625646,-11.943045153955405,279.36824009052674,0,0,-0.0001105128634027,-6.6549959401846746,-14.23503962334954,-2.1008858115268,-0.0914993435144424,0.3055376931772008,0.77864232859688,0,0.3438498675823211,-0.1559706926345825,0,0,2699.8198699159275,0.9,807
3108.5121815999846,3108.5121815999846,0.0449770438296028,-3.9084966466290574,-12.673808226707116,279.2464624887515,183.12147447501965,13.304361037306162,210.81746752618335,-0.3348987999915797,-0.0690603615457598,0.977264677774572,-3.843435169669283,-12.569092563006883,279.2672631800515,0,0,-0.0001105128634027,-6.875363271081177,-10.6374050900174,-2.160334572132167,-0.0959244295954704,0.3202874034509731,0.7761618871242643,0,0.3438498675823211,-0.1559706926345825,0,0,2699.863964231985,0.9,854
3109.1606117737506,3109.1606117737506,0.0465847571660249,-4.258181984510158,-13.076983253879693,279.14365493648745,182.5330220502382,13.967231966053212,211.17986173259823,-0.3057141894109602,-0.075529923139309,1.284892358320693,-4.1833136394505885,-13.01422151645876,279.1644031113088,0,0,-0.0001105128634027,-7.9878301610182625,-6.143907315425758,-2.1487322880473805,-0.0999897345900535,0.3370842370371968,0.773668076937641,0,0.3343538343906402,-0.223593533039093,0,0,2699.9007038411128,0.9,902
3109.8416650060367,3109.8416650060367,0.0474864403645054,-4.678707037200848,-13.295783983876303,279.0408029039144,181.89671865984383,14.668588561607033,211.56761107410787,-0.3028161098491814,-0.0883458087601487,2.0356776783349355,-4.584989400855783,-13.261624849319944,279.0618773551301,0,0,-0.0001105128634027,-10.151266390515357,-3.342599857488356,-2.1926940751940367,-0.1037218794226646,0.3610449859706689,0.7710466849950321,0,0.35189288854599,-0.3620087206363678,0,0,2699.9255796395405,0.9,949
3110.5560098501523,3110.5560098501523,0.0479510055880096,-5.208176861287944,-13.39929743604189,278.9353671912665,181.2064201135903,15.378016948585971,211.9890386461992,-0.3001263764386752,-0.1090669542712266,2.473694024896944,-5.098158696803004,-13.386524940183392,278.9568921218744,0,0,-0.0001105128634027,-11.620033176927125,-1.1557993306855632,-2.238451320657435,-0.1072582900524139,0.3948061420112477,0.7680940224721571,0,0.35189288854599,-0.3620087206363678,0,0,2699.9365112924866,0.9,997
3111.3064837725665,3111.3064837725665,0.0481167446924135,-5.780469340675008,-13.432314987025917,278.8265540970453,180.4513394564563,16.07059321440407,212.455017755766,-0.3156237478092708,-0.1295437095208363,2.8889697688894285,-5.661910042468024,-13.427670751576215,278.8490069703738,0,0,-0.0001105128634027,-12.516717583499142,-0.4438907197116566,-2.3345386855004437,-0.110652782022953,0.4345165402457895,0.764685398724077,0,0.3664442300796508,-0.4092030227184295,0,0,2699.939109884479,0.9,1044
3112.086132929685,3112.086132929685,0.048192904744047,-6.3779284117054535,-13.4444623447412,278.71340070631624,179.63001333221354,16.730644839465988,212.9688580283858,-0.3268350980477509,-0.1481222090994794,2.9861798666750143,-6.258902290050885,-13.443537236198388,278.73662951038136,0,0,-0.0001105128634027,-12.528597372125628,-0.0417871118700361,-2.4223893230177573,-0.1139474436640739,0.4776918551291187,0.760799297751449,0,0.3664442300796508,-0.4092030227184295,0,0,2699.9342312534404,0.9,1092
3112.8969926617624,3112.8969926617624,0.0482098339561328,-6.984041462693475,-13.44194221947903,278.5957278524751,178.73728980467868,17.34924218678625,213.53460677566991,-0.3461944869685156,-0.1635899797722343,3.2028856958316227,-6.860161742857317,-13.442638842487494,278.6199768630358,0,0,-0.0001105128634027,-13.09977715529224,0.0902901868891631,-2.5304184247134724,-0.1171436682343483,0.5232085041527375,0.7564460846685815,0,0.3761129975318908,-0.437408298254013,0,0,2699.9222668906823,0.9,1139
3113.7352916942905,3113.7352916942905,0.0482049832170465,-7.612348028763359,-13.43242922398581,278.4732434770197,177.7722009104066,17.920017154796227,214.15331991260703,-0.3599941327548265,-0.1779579776126016,3.255831211460982,-7.486376388204768,-13.435416194200329,278.49834122572327,0,0,-0.0001105128634027,-13.28233923881522,0.3656626118704157,-2.618835241200286,-0.1202293708920478,0.5706580883510437,0.7516342436496267,0,0.3761129975318908,-0.437408298254013,0,0,2699.9044846170127,0.9,1187
3114.602696740544,3114.602696740544,0.0481402230368369,-8.233849433393436,-13.403919814525732,278.3470605180872,176.73058253162156,18.437894751830115,214.8275867484144,-0.3643744935359505,-0.1898323600348708,3.0689555102866124,-8.112822231703609,-13.41128706774202,278.37273046811333,0,0,-0.0001105128634027,-12.64986520427114,0.843765424870301,-2.66492909853981,-0.1230973303318023,0.6171807500879413,0.7464253398689956,0,0.3724119067192077,-0.4095707833766937,0,0,2699.882837045488,0.9,1234
3115.4901085739607,3115.4901085739607,0.0479785063864164,-8.830873589536747,-13.345248995069404,278.21963170943417,175.62492943630198,18.89532285369248,215.548354704506,-0.367019856843772,-0.1990147167461876,3.0221673374468763,-8.71185364360063,-13.3600569568713,278.24551141715045,0,0,-0.0001105128634027,-12.546603250507614,1.656890545728578,-2.6958933041033277,-0.1256661266088485,0.6618865891972637,0.740961325815021,0,0.3724119067192077,-0.4095707833766937,0,0,2699.8601673205394,0.9,1281
3116.398733613011,3116.398733613011,0.0476738555553119,-9.42179523124012,-13.246190627830916,278.0910802743816,174.45903191827273,19.286413567806846,216.31218835322704,-0.3657579003524481,-0.2077695113078708,2.902785521366984,-9.305415935725854,-13.26896785733592,278.1170858706499,0,0,-0.0001105128634027,-12.219657942043105,2.489403886195153,-2.7033844242074148,-0.1279207468032836,0.7054932542661854,0.7352712487484327,0,0.3694360554218292,-0.3937818109989166,0,0,2699.839257233275,0.9,1329
3117.32453819155,3117.32453819155,0.0472273015020255,-10.000741399388676,-13.10774288086292,277.9623872639705,173.24144585922306,19.605142166851223,217.11277749486268,-0.3658902013205485,-0.2158128209425191,2.8736258949698854,-9.88534998370347,-13.138411924588295,277.98840933311084,0,0,-0.0001105128634027,-12.140222547913,3.312247658693284,-2.7039775832154334,-0.1298429071903228,0.7480898264198556,0.7294024575823445,0,0.3694360554218292,-0.3937818109989166,0,0,2699.8227518536605,0.9,1376
3118.2912391846544,3118.2912391846544,0.0466217233934652,-10.614060987330044,-12.922538182540457,277.8295277283029,171.94804893984204,19.84722425715023,217.96525737211485,-0.375576655637952,-0.2253158478759664,3.151460385083247,-10.487083129902226,-12.963541486266951,277.85647394741386,0,0,-0.0001105128634027,-13.056521276971525,4.2789470082996335,-2.722935763596217,-0.1315188258886337,0.7940499600669978,0.7231115044093723,0,0.3750840127468109,-0.4333195984363555,0,0,2699.8125680235103,0.9,1424
3119.2406442609085,3119.2406442609085,0.0458709919512616,-11.25629496141702,-12.701116489035376,277.6993614818279,170.64291725957057,19.996616859807215,218.82891439498988,-0.3902897888774288,-0.237226657454153,3.456895725680865,-11.124129654547858,-12.748491967400478,277.7256082779792,0,0,-5.5256431701360255e-05,-13.940732824797294,5.040740056632126,-2.74101611135204,-0.1328679174184799,0.84312266308666,0.7167059553007648,0,0.3788016140460968,-0.4675666987895965,0,0,2699.8195845869127,0.9,1471
3120.1925081817103,3120.1925081817103,0.0450155385391359,-11.920417200814324,-12.454609408427114,277.5691490439568,169.3093950845512,20.042811685790856,219.7144888734766,-0.4040095444416658,-0.2494916408932796,3.528648220771411,-11.788053249030522,-12.504549679827536,277.59530470968923,0,0,-5.5256431701360255e-05,-13.913065041492525,5.2728971359067645,-2.735318546011447,-0.1338890194892883,0.8947489399716813,0.7099751714037341,0,0.3788016140460968,-0.4675666987895965,0,0,2699.826728841412,0.9,1519
3121.145313919456,3121.145313919456,0.0440787507182815,-12.609624330726565,-12.175113038246778,277.4391225289445,167.94388118887005,19.982070997245888,220.62473760364912,-0.4226083539869213,-0.2613624844028566,4.0905455646894735,-12.464592288317233,-12.238248707821072,277.4652510775618,0,0,-5.5256431701360255e-05,-15.382931209215856,6.8025053475106105,-2.7282650960339367,-0.1345588713884353,0.951183675072852,0.7029019393292693,0,0.3831149935722351,-0.5280291438102722,0,0,2699.8324835206413,0.9,1566
3122.091203067588,3122.091203067588,0.0428946323050946,-13.347192284065672,-11.833532475017028,277.31035384217034,166.55497968096637,19.80086828553053,221.5549028294154,-0.4405770062614939,-0.2751581169161112,4.237869237943017,-13.20009279615682,-11.90353065437134,277.336078845472,0,0,-5.5256431701360255e-05,-15.448613023271228,7.394908126003787,-2.6858450869869337,-0.1347976177930831,1.0127826761107808,0.6954759526474326,0,0.3831149935722351,-0.5280291438102722,0,0,2699.838128061438,0.9,1614
3123.026887101516,3123.026887101516,0.041582361415158,-14.090572872287831,-11.449226935853057,277.1842418988812,165.14714277179283,19.48945191956242,222.5023945934228,-0.4518313025532272,-0.2868529030457651,4.579502531010864,-13.939315501666911,-11.533664830145025,277.20928007065345,0,0,-5.5256431701360255e-05,-15.926339075130844,9.04870019952405,-2.6048309192129007,-0.1345211267471313,1.0780028430282458,0.687761125903527,0,0.3782995045185089,-0.554971694946289,0,0,2699.844495276471,0.9,1661
3123.9434065544992,3123.9434065544992,0.0399985847918008,-14.841479601625592,-10.9958213169824,277.0629082247003,163.73637925774543,19.03906427462156,223.45681258272677,-0.4650916050991056,-0.2977442536971761,4.664020593993146,-14.693087146300966,-11.088998491134396,277.08690704749773,0,0,-5.5256431701360255e-05,-15.553029366027388,9.849728807038371,-2.497135707525363,-0.1336601823568344,1.146196642976995,0.6798601950485884,0,0.3782995045185089,-0.554971694946289,0,0,2699.8520575905877,0.9,1709
3124.8358853487844,3124.8358853487844,0.0382973817008442,-15.569193450044246,-10.513476118525691,276.9469779802284,162.33350116761568,18.446470463299978,224.41060627086316,-0.4765705017002488,-0.3056759281216941,4.721701972537886,-15.425545657821084,-10.61240786542914,276.9698219066884,0,0,-5.5256431701360255e-05,-15.045219519095532,10.45849043136854,-2.3714856068916177,-0.1322060078382492,1.2153813057368077,0.6718106914356105,0,0.3752201795578002,-0.5585551857948303,0,0,2699.8610612351217,0.9,1756
3125.698336205103,3125.698336205103,0.0364975713896754,-16.27422033394804,-10.007050811578852,276.8370283788643,160.94957801439563,17.71330407368398,225.3557272946535,-0.4929115890679526,-0.3114623205127669,4.777508288994543,-16.135120863052045,-10.109158224374804,276.8586711299559,0,0,-5.5256431701360255e-05,-14.5402557801199,10.728395563093017,-2.241146429376234,-0.1301647871732711,1.285509084312777,0.6636482155541586,0,0.3769482672214508,-0.5621275901794432,0,0,2699.87146707228,0.9,1804
3126.5211932637967,3126.5211932637967,0.0346706394414471,-16.95181215412929,-9.497741685029254,276.73365504063526,159.59868388664705,16.847704055792114,226.28191202081535,-0.5109179845223129,-0.3154330373984876,4.791158789668828,-16.818720091012928,-9.599082619799496,276.7539411830141,0,0,-5.5256431701360255e-05,-13.923364782091973,10.64103910610752,-2.1012228807673465,-0.1275582462549209,1.355987378993089,0.6554035658812871,0,0.3769482672214508,-0.5621275901794432,0,0,2699.8829136166005,0.9,1851
3127.3001069752218,3127.3001069752218,0.0328557672866936,-17.602296810201743,-8.991609527181764,276.637157047299,158.28632693779906,15.856475745956605,227.1845476887329,-0.5314841588845743,-0.317979357899789,4.8679529385617615,-17.473973810574762,-9.093018392203108,276.6560312500081,0,0,-5.5256431701360255e-05,-13.428003527882687,10.658575170684484,-1.9509496609134425,-0.1243832930922508,1.4271513049919824,0.6470797328652244,0,0.3782500028610229,-0.5684528946876525,0,0,2699.894955704393,0.9,1898
3128.029112749832,3128.029112749832,0.0310015274535715,-18.235634365331805,-8.467807457132572,276.5482205208544,157.01930391090633,14.74715291556684,228.0583691094781,-0.552322745833878,-0.3196806329842332,5.112666031137656,-18.10938253919603,-8.576700863238395,276.56550233158725,0,0,-5.5256431701360255e-05,-13.226293697998088,11.524789615434214,-1.7808277544783055,-0.1206229776144027,1.500748677959991,0.63870601883172,0,0.378068208694458,-0.5877524018287658,0,0,2699.907078663379,0.9,1946
3128.701462269833,3128.701462269833,0.0290197571424252,-18.847513760060608,-7.915514659192926,276.468170295954,155.80994807974912,13.527679670916152,228.89472300737964,-0.5737601486332815,-0.3207276808182852,5.173769164970782,-18.72831486454588,-8.025739332454325,276.4835769531628,0,0,-5.5256431701360255e-05,-12.448709716661474,11.583658410687832,-1.5843957638144677,-0.1162478700280189,1.5763556832128187,0.6303479000861277,0,0.378068208694458,-0.5877524018287658,0,0,2699.91884279274,0.9,1993
3129.3141660163865,3129.3141660163865,0.0270288758231833,-19.42044135561833,-7.36057732982571,276.3978289745656,154.66267078905477,12.204722553212372,229.6902133904857,-0.5943546200042007,-0.3202113544830766,5.290296611970469,-19.308783016953527,-7.4729044015942145,276.4112188694465,0,0,-5.5256431701360255e-05,-11.644419433513416,11.831317003403434,-1.3682532240896603,-0.1112303882837295,1.6532671645042314,0.6220366680461442,0,0.3771061301231384,-0.5967398285865783,0,0,2699.930087474198,0.9,2041
3129.8609465821974,3129.8609465821974,0.0250074984899728,-19.94925336937829,-6.80157136414724,276.3383300564097,153.58581311414756,10.79202551701782,230.4387992610771,-0.6155219746724505,-0.3185189329811855,5.319833644585765,-19.847654688186392,-6.912250253848852,276.3494829528425,0,0,-5.5256431701360255e-05,-10.574787335685258,11.61629421997071,-1.133094260548605,-0.105576105415821,1.7310490857969445,0.6138534045038992,0,0.3771061301231384,-0.5967398285865783,0,0,2699.940776680173,0.9,2088
3130.339203974655,3130.339203974655,0.0230110213077513,-20.427052034297997,-6.246924239873463,276.29040346670416,152.58059851394492,9.29907177187226,231.13927438043697,-0.6341262054418724,-0.3155125854601244,5.415972182653388,-20.335414998909936,-6.359048324440256,276.299161723574,0,0,-5.5256431701360255e-05,-9.516721011093615,11.80983146822841,-0.8777844195841,-0.099273070693016,1.809769461954148,0.6058432314936804,0,0.3747330009937286,-0.6044608950614929,0,0,2699.951134811942,0.9,2136
3130.744335156709,3130.744335156709,0.020991710496859,-20.849463868294407,-5.690007971388265,276.25510980541395,151.65252511589577,7.7408930327846734,231.7877240675405,-0.653763231228424,-0.31148061529198,5.440889570861851,-20.769941338389906,-5.800048835880541,276.26128311562417,0,0,-5.5256431701360255e-05,-8.229841147497334,11.541232668565126,-0.6054389582066542,-0.0923409387469291,1.889184182957331,0.5980929674709604,0,0.3747330009937286,-0.6044608950614929,0,0,2699.961487066093,0.9,2183
3131.0745551511327,3131.0745551511327,0.0190468775910486,-21.20641169799481,-5.159919422553116,276.2330429612744,150.800355852023,6.127328088477423,232.3848943526144,-0.6733012769697747,-0.3065279229291172,5.382691076007175,-21.14076386359849,-5.26207950981898,276.2365189424283,0,0,-5.5256431701360255e-05,-6.744338648447528,10.647595731069426,-0.3197837870532384,-0.0847691297531127,1.968324367027828,0.5906218317704403,0,0.3741120994091033,-0.598989427089691,0,0,2699.972316921974,0.9,2231
3131.326607005054,3131.326607005054,0.0172573194485997,-21.49216527221895,-4.672978583139406,276.22481960692625,150.0219308150132,4.4735111849764895,232.9319870836702,-0.6929695860397896,-0.3008649683387484,5.368454069380708,-21.440525667771546,-4.767384902219881,276.225496124002,0,0,-5.5256431701360255e-05,-5.283767635771719,9.867452996499242,-0.0248261687757027,-0.0765966922044754,2.046738376655832,0.5834953539968766,0,0.3741120994091033,-0.598989427089691,0,0,2699.984046849258,0.9,2278
3131.4994011950635,3131.4994011950635,0.0156263401459172,-21.705591172796545,-4.235970716755731,276.2308573292691,149.31047664531474,2.7861915833090887,233.4334652785172,-0.7126775961950441,-0.2950100233434184,5.232300270861671,-21.66920736312376,-4.316794080624986,276.22864168657344,0,0,-5.5256431701360255e-05,-3.658368127711508,8.353869360842706,0.2802416168728469,-0.067820057272911,2.124001844094367,0.5767356252684072,0,0.3743959069252014,-0.5874390602111816,0,0,2699.997088014406,0.9,2326
3131.591215942644,3131.591215942644,0.014244156989225,-21.842928661237355,-3.864410971249544,276.2515597036745,148.65846891669406,1.073896236212406,233.89415754993215,-0.7313039680359043,-0.289067139635779,5.198593482262552,-21.82116959542708,-3.9351630859565634,276.2463894755111,0,0,-5.5256431701360255e-05,-2.1348234600786795,7.3725116025434465,0.5920109712517043,-0.0584786385297775,2.199883259351548,0.5703985076802357,0,0.3743959069252014,-0.5874390602111816,0,0,2700.0116846997626,0.9,2373
3131.601089750478,3131.601089750478,0.013053508106192,-21.905422513328126,-3.5521955805487693,276.28732202777667,148.05719740870833,-0.6627805039013652,234.3198209607926,-0.7495082611395192,-0.2834625191320108,5.006710219973137,-21.899428315619147,-3.606616409497988,276.27910666961367,0,0,-5.5256431701360255e-05,-0.4578895237543494,5.548390662682289,0.9117491731709823,-0.0485735535621643,2.274123164960776,0.5645134294216143,0,0.3751450479030609,-0.5714297890663147,0,0,2700.028008765657,0.9,2420
3131.5279243783666,3131.5279243783666,0.0121556444388765,-21.890101135876243,-3.3150832824128926,276.33831459479774,147.49894033476627,-2.4193508389442475,234.715228439787,-0.7656016359453958,-0.2781613207050923,4.959072237942703,-21.898922288549215,-3.35909784899989,276.32697039135167,0,0,-2.7628215850680127e-05,1.0806911898738345,4.565492431567878,1.2342548893233114,-0.0381721332669258,2.346443503867696,0.5591430665592436,0,0.3751450479030609,-0.5714297890663147,0,0,2700.0501914839856,0.9,2468
3131.369951287126,3131.369951287126,0.0114687713180462,-21.798358515541874,-3.1475075598387434,276.4050100542241,146.97454844630738,-4.204411650603479,235.08638970831,-0.7831028376634732,-0.2736428117603052,4.657144864897311,-21.823478628884963,-3.169998448701802,276.3905019474197,0,0,-2.7628215850680127e-05,2.8043397101953227,2.1263856948660846,1.5607097365703535,-0.0272410195320844,2.4163818797824224,0.5542890937273203,0,0.3780080080032348,-0.5462529063224792,0,0,2700.073992797354,0.9,2515
3131.12719614428,3131.12719614428,0.0111667461651945,-21.628493006223252,-3.0765095147697035,276.48689533382094,146.47754063632698,-6.013885597911262,235.43665715981024,-0.7969118021756085,-0.2698053795356049,4.5820666572292765,-21.66804130293913,-3.087391620316284,276.469371192832,0,0,-2.7628215850680127e-05,4.305671255871931,1.0938179235182826,1.8839805745729703,-0.0159131623804569,2.483257213999143,0.5500188411492086,0,0.3780080080032348,-0.5462529063224792,0,0,2700.091729837233,0.9,2563
3130.796967046674,3130.796967046674,0.0111176995890704,-21.383355606617336,-3.094690798208686,276.5842229945926,146.00032900939132,-7.859563325193997,235.7706291934508,-0.8160853303445262,-0.2673521692011436,4.093364745607346,-21.4393111151552,-3.074878024524177,276.5636281630794,0,0,-2.7628215850680127e-05,6.048284133540972,-2.4094497549647627,2.2018889041953966,-0.0041438597254455,2.545987422417288,0.5463110667580515,0,0.3852078020572662,-0.5054948329925537,0,0,2700.1054155154266,0.9,2610
3130.3780260577228,3130.3780260577228,0.011738529234822,-21.054259453455256,-3.310393575883123,276.6961993594478,145.5330173988094,-9.754303332895423,236.09325057035423,-0.8430793814579705,-0.2678076494649822,3.522134405952119,-21.12687961283405,-3.2478805094682275,276.67276407929944,0,0,-2.7628215850680127e-05,7.79497546858683,-6.949432204160225,2.49909064559856,0.0080925049260258,2.6008393578743862,0.543111722273455,0,0.3969131112098693,-0.4441717863082885,0,0,2700.1167263904504,0.9,2658
3129.8678402604846,3129.8678402604846,0.0130147376619505,-20.65287670951824,-3.679210991658304,276.82162228041165,145.06102894248323,-11.723945971147266,236.41095008530897,-0.8589897841676906,-0.2684791946850889,3.3792257138336166,-20.737500277386395,-3.60262516200572,276.79557168066066,0,0,-2.7628215850680127e-05,9.006683698709534,-8.051731965656451,2.775744826088745,0.0207465589046478,2.6505274391974654,0.5404061501329575,0,0.3969131112098693,-0.4441717863082885,0,0,2700.127093806949,0.9,2705
3129.261440684844,3129.261440684844,0.0144391941233355,-20.197724144426285,-4.0865702835918425,276.96004918804664,144.58118863125011,-13.78446275391184,236.723011710136,-0.8737364416059397,-0.268300613529862,3.0860847588126408,-20.293265731446827,-3.9989446406223936,276.93143321195765,0,0,-2.7628215850680127e-05,10.154429547307013,-9.301132924899802,3.042435330299454,0.0337207429111003,2.697151979002912,0.5382167165929183,0,0.4036468267440795,-0.4060054421424865,0,0,2700.137612925923,0.9,2753
3128.553484737964,3128.553484737964,0.0161814525649219,-19.682096108885187,-4.606131712555574,277.11087251137127,144.09436746896736,-15.944943997265977,237.02659329035905,-0.9033387824624076,-0.2689156030732188,2.4558948461514776,-19.791094857934272,-4.483946625298126,277.0799001203736,0,0,-2.7628215850680127e-05,11.583731005584124,-13.218489197205075,3.2805651064378565,0.0470932871103286,2.7371861761038514,0.5364639885579098,0,0.4234324693679809,-0.3225800395011901,0,0,2700.1490358761207,0.9,2800
3127.7406962832133,3127.7406962832133,0.0186013669236673,-19.10156999846581,-5.3094802608786456,277.271935451656,143.59370428429494,-18.224756718627997,237.3214981964758,-0.930317064226295,-0.2695496404473579,1.990766565251485,-19.222076060991828,-5.157620287807493,277.2390561968785,0,0,-2.7628215850680127e-05,12.74990252339092,-16.096036400505913,3.481027442331785,0.0608997605741024,2.7688705215071425,0.5350408013974352,0,0.4342381656169891,-0.2825399935245513,0,0,2700.1616378976587,0.9,2848
3126.8172865693905,3126.8172865693905,0.0213325681660107,-18.483687301701853,-6.065661773891812,277.4420197235001,143.07107688712253,-20.644545774085536,237.60678029110576,-0.9394686060982318,-0.2678039197196989,1.8862422686248177,-18.608468045927285,-5.91870866498878,277.4073316479815,0,0,-2.7628215850680127e-05,13.14554075822218,-15.275949826235644,3.6771794667688913,0.074969507753849,2.796688192481175,0.5339246762277893,0,0.4342381656169891,-0.2825399935245513,0,0,2700.1752140836848,0.9,2895
3125.7725878798115,3125.7725878798115,0.0239083139556537,-17.847895999799356,-6.781847616832117,277.6221055782148,142.52782254133106,-23.20903596205936,237.87755574616048,-0.9513630276451251,-0.2642863984577443,1.623243923874377,-17.976967741703426,-6.637864010837547,277.58541334409927,0,0,-2.7628215850680127e-05,13.577931245427756,-15.061224828807807,3.8771576173217457,0.0892241299152374,2.821950769604102,0.5330988958793283,0,0.446846455335617,-0.2468585669994354,0,0,2700.189349916214,0.9,2943
3124.6043026521884,3124.6043026521884,0.0265231765610631,-17.19125515369263,-7.525642869445425,277.8106783401794,141.96927888292734,-25.90697441313938,238.1270757529012,-0.9818653161724016,-0.2591484796372505,1.2992537898445364,-17.324503964156847,-7.369136349172505,277.7724696939075,0,0,-2.7628215850680127e-05,14.02853813612149,-16.560337260868874,4.037398721650772,0.1037432178854942,2.842825065988772,0.5324524841374374,0,0.4721234738826751,-0.1916930675506591,0,0,2700.203467002082,0.9,2990
3123.302159390575,3123.302159390575,0.0293215580438209,-16.525832605572173,-8.303986167072742,278.00706828076414,141.38944530547374,-28.75143858128184,238.35345850624967,-0.993191102870483,-0.2517898377880574,1.2214165223799192,-16.65777505649937,-8.152767753994757,277.967192271668,0,0,-2.7628215850680127e-05,13.803111080106124,-15.680652603946411,4.210542105974523,0.1185754239559173,2.8609294603379394,0.531903785219949,0,0.4721234738826751,-0.1916930675506591,0,0,2700.2168518503386,0.9,3037
3121.8632578845327,3121.8632578845327,0.0319125122213934,-15.876281803072596,-9.019432868416272,278.21218523547,140.79052492704847,-31.73352621801248,238.5507008604989,-1.0025257218803674,-0.2436687087713946,1.112725341834797,-16.005215233180188,-8.880133599846253,278.17048057039005,0,0,-2.7628215850680127e-05,13.516291073932456,-14.498296665446928,4.410851273597275,0.133494421839714,2.877729251127416,0.5314692103028195,0,0.4826555252075195,-0.1717047691345214,0,0,2700.2288547021394,0.9,3085
3120.279491829068,3120.279491829068,0.0343534290456864,-15.23808539829486,-9.706862632402384,278.42656658441086,140.17551013708004,-34.841738029657044,238.71458220909,-1.025929394464436,-0.2347655721609152,0.9521019228275024,-15.36516474835711,-9.56717846138872,278.38311448279967,0,0,-2.7628215850680127e-05,13.325628338406178,-14.685214690894782,4.591273489380002,0.1486124545335769,2.892531360083434,0.5310933713088776,0,0.5024054646492004,-0.1433174759149551,0,0,2700.239226468956,0.9,3132
3118.5461375088007,3118.5461375088007,0.0367835058944054,-14.616846000134354,-10.382302011920284,278.64981806920787,139.5429756897041,-38.07524750914764,238.84136790287585,-1.032655309488484,-0.2249838802075227,0.912811035209445,-14.738766666178472,-10.252670891230062,278.6043956501781,0,0,-2.7628215850680127e-05,12.75794770468187,-13.44276065780852,4.808524015577115,0.1639140397310257,2.90591983317319,0.5307392065707591,0,0.5024054646492004,-0.1433174759149551,0,0,2700.2478683348704,0.9,3180
3116.655026591392,3116.655026591392,0.0389744952888625,-14.02296051145855,-10.991030268357468,278.88440512055365,138.89373442953578,-41.427042797265656,238.92736920305495,-1.0413502994458066,-0.2154737812882159,0.8573839677754652,-14.139795655686152,-10.873023675362631,278.83665001952795,0,0,-2.7628215850680127e-05,12.226960458597896,-12.279769460937349,5.051648877447558,0.1792937368154525,2.9186648214087523,0.5304260247646566,0,0.5093462467193604,-0.1332394182682037,0,0,2700.2550592911425,0.9,3227
3114.6020682974145,3114.6020682974145,0.0410271454780652,-13.451928215453355,-11.575831822077532,279.1299452004217,138.2305689489703,-44.88449738195721,238.96897213099533,-1.0668309724128753,-0.2057436788139313,0.7735244663470685,-13.564576681772085,-11.456291380338522,279.08017193139864,0,0,-2.7628215850680127e-05,11.792126214310295,-12.597180219577083,5.258554984685524,0.1948841512203216,2.9303696864785147,0.5301128718223574,0,0.5226228833198547,-0.1184537708759307,0,0,2700.2624484190924,0.9,3275
3112.381579275852,3112.381579275852,0.0431404582745108,-12.904482051758048,-12.179063682481242,279.38501143547194,137.55118345827537,-48.44863288090051,238.9628381837965,-1.0881449472268314,-0.1955195599793359,0.7265692298179163,-13.011680330771927,-12.058047748474925,279.33329627792966,0,0,-2.7628215850680127e-05,11.201981424508284,-12.679407350145448,5.463907395526108,0.2107937484979629,2.941126262158664,0.52975779002576,0,0.5281716585159301,-0.1129064932465553,0,0,2700.285923596492,0.9,3322
3109.9903472185074,3109.9903472185074,0.0452020702992962,-12.388131085448707,-12.757508433601206,279.65100133816406,136.8539390380504,-52.11832741482823,238.904969619872,-1.0935435549296058,-0.1857937222162625,0.7155342076270854,-12.488723729114238,-12.646970277568684,279.5968298792072,0,0,-2.7628215850680127e-05,10.511351926117282,-11.455878468462531,5.732888194599869,0.2268589586019516,2.951479713074168,0.52938765358827,0,0.5281716585159301,-0.1129064932465553,0,0,2700.3284664396474,0.9,3370
3107.4193241960197,3107.4193241960197,0.0470394027496021,-11.901477199120553,-13.274713073071895,279.93100226921,136.13976290646283,-55.88714835524724,238.79241854664383,-1.1008210173692263,-0.1770073724129357,0.6907482185995014,-11.996739656203614,-13.174823016751152,279.873966917256,0,0,-2.7628215850680127e-05,9.953835885217613,-10.382670822492233,6.027890675058641,0.2430007755756378,2.96158670538084,0.5290346564571701,0,0.5340574383735656,-0.1082368940114975,0,0,2700.386198106825,0.9,3417
3104.6687636965894,3104.6687636965894,0.0487503536713044,-11.438867300991925,-13.770841966321113,280.22402700201883,135.4116625332719,-59.739870036026765,238.622758856357,-1.1252263094668726,-0.1683956781508884,0.6483216652727171,-11.52973173744114,-13.668953780370543,280.164604034709,0,0,-2.7628215850680127e-05,9.504023202901008,-10.754538960653653,6.276855425827248,0.2593351006507873,2.9711771447410005,0.5286772558342635,0,0.5465024709701538,-0.100662425160408,0,0,2700.453561938483,0.9,3465
3101.735992032246,3101.735992032246,0.0504986190389488,-11.000428786618835,-14.273242421798292,280.5290474868295,134.66739723634703,-63.67747951644118,238.39285231803572,-1.1355057747252768,-0.1597809567808221,0.637743855998172,-11.08591314571755,-14.175243361817905,280.46691381401524,0,0,0.0,8.934214412205264,-10.209655793348691,6.567906462845554,0.2758952379226684,2.980374809290121,0.5283022761980531,0,0.5465024709701538,-0.100662425160408,0,0,2700.504269978916,0.9,3512
3098.6108376775687,3098.6108376775687,0.0521415733205728,-10.58752820079744,-14.748112352352717,280.8487380611947,133.90633519338544,-67.69903774967992,238.0998744093756,-1.1499693836862483,-0.1518467316047525,0.6201612740495632,-10.668291829346114,-14.653785524277712,280.783686070448,0,0,0.0,8.438160310323747,-9.876399628930857,6.866457065469025,0.2926228940486908,2.9893805392099124,0.5279320722440488,0,0.5536929965019226,-0.0974565967917442,0,0,2700.567830508206,0.9,3560
3095.2930307654938,3095.2930307654938,0.0537888855821874,-10.196333448175029,-15.239737803709575,281.1811485891489,133.1293130999794,-71.79682090581277,237.741147335854,-1.1846192613108515,-0.1439339395748056,0.5892149765113743,-10.273038097605856,-15.135401973775908,281.1138804818939,0,0,0.0,8.015353259614624,-11.093310262105232,7.091490319297706,0.309683620929718,2.9980106189841,0.527542710790772,0,0.568159818649292,-0.0919171571731567,0,0,2700.6337011411447,0.9,3607
3091.775435884634,3091.775435884634,0.0556521026900808,-9.82662857875666,-15.79482738400506,281.52387417627216,132.33200642504903,-75.98079914213172,237.31179409967015,-1.2161539903880791,-0.1357236703951624,0.569693026452362,-9.898652177165223,-15.679726515062828,281.4545163994455,0,0,0.0,7.51007714729029,-12.144870539663955,7.307227016382932,0.3272328674793243,3.006262602358473,0.5271071047246818,0,0.5746154189109802,-0.0894343480467796,0,0,2700.6923987191267,0.9,3654
3088.062355244622,3088.062355244622,0.0576169494470001,-9.482643027518838,-16.36687172701331,281.87783122966465,131.511734871982,-80.25226382275622,236.80613632442615,-1.2295956106510515,-0.1281473837371436,0.5650810658702571,-9.549395323717158,-16.25478700718363,281.8058940258743,0,0,0.0,6.969462013991958,-11.689381682163788,7.59925176976025,0.3450672626495361,3.014326293333894,0.5266537465553022,0,0.5746154189109802,-0.0894343480467796,0,0,2700.736456482329,0.9,3702
3083.5301130137777,3083.5301130137777,0.0596967351204166,-9.1133882981374,-16.989962741378168,282.3042035764329,130.56259221008384,-85.13802075354822,236.16159946572503,-1.2456001577731302,-0.1206171866130595,0.551684084681271,-9.185249013391488,-16.8674968996425,282.21736420046534,0,0,0.0,6.504561267365657,-11.083913390603048,7.953916228102579,0.36586993932724,3.023473527368648,0.5261519645911148,0,0.5810700058937072,-0.0870929807424545,0,0,2700.761294662482,0.9,3749
3079.3655963442375,3079.3655963442375,0.0615503569373735,-8.81195049344009,-17.529322222220586,282.68947313643014,129.66332980062307,-89.73773008851602,235.44176781484796,-1.277906526133288,-0.1143915178632753,0.5256301774556476,-8.871155797463224,-17.416842470796798,282.61156427204907,0,0,0.0,6.186728158904573,-11.910410354490134,8.206833241694715,0.3842542469501495,3.031124272469151,0.525729700206832,0,0.5952044129371643,-0.0826615169644355,0,0,2700.766048332752,0.9,3797
3074.9919197752647,3074.9919197752647,0.0634654769175143,-8.526828372855537,-18.0976152446412,283.0862161180026,128.76534966499173,-94.27000476768433,234.67145535842124,-1.2936626176004986,-0.108072610676965,0.5137610491562956,-8.58237738356046,-17.985246745918193,283.00571805508486,0,0,0.0,5.803703163407718,-11.741433311402083,8.499156838721944,0.402970939874649,3.038486232661715,0.5253121876295567,0,0.5952044129371643,-0.0826615169644355,0,0,2700.754899558908,0.9,3844
3070.3850686133446,3070.3850686133446,0.0653316834768538,-8.257687891504947,-18.65453597300087,283.4987357118704,127.83726668369614,-98.89291273673847,233.8066207784089,-1.3151039296363525,-0.1023100559970232,0.4957684535202786,-8.31038723457301,-18.54237881506904,283.41517133956984,0,0,0.0,5.492602239875284,-11.75095029115565,8.788085329132647,0.4220013916492462,3.0456587753505167,0.5249163079191554,0,0.6039428114891052,-0.0805247649550437,0,0,2700.7322904527864,0.9,3892
3065.5659475551047,3065.5659475551047,0.0672837327552651,-8.002482325437123,-19.25781463086484,283.92099573376066,126.88118426665632,-103.58668960995853,232.84543309172855,-1.3677544646992412,-0.0962630229343303,0.4670729359552766,-8.052575241387263,-19.12642958651804,283.8361913887396,0,0,0.0,5.228821833725777,-14.041206510953424,8.91741213544214,0.4415178894996643,3.052461437794358,0.5245180968611242,0,0.624411404132843,-0.0763371363282203,0,0,2700.70455156724,0.9,3939
3060.525427331276,3060.525427331276,0.0695812642331897,-7.763419977757598,-19.951821141181632,284.3491515863556,125.89008480112484,-108.36602640265384,231.7785144286931,-1.3969612082819476,-0.0897809447091393,0.4544501537636395,-7.809630658525252,-19.81134368115987,284.26273972149284,0,0,0.0,4.81557420897828,-14.74376854688753,9.108012249966851,0.4616293907165527,3.0589493263355103,0.5240977683013903,0,0.624411404132843,-0.0763371363282203,0,0,2700.676994546488,0.9,3987
3055.25250850512,3055.25250850512,0.0719290367366233,-7.54258064080964,-20.65508232394548,284.78804547773336,124.8587206656068,-113.2401336930168,230.5964565596589,-1.42428692810199,-0.0840954807770248,0.436664824040543,-7.585544811800921,-20.513546231257163,284.69943966436364,0,0,0.0,4.481714476622831,-14.854645409824776,9.33322608073512,0.4821403324604034,3.065217168496177,0.5236833273312264,0,0.6325297355651855,-0.0743871927261352,0,0,2700.6547528846927,0.9,4034
3049.7466386023925,3049.7466386023925,0.0743197219843635,-7.3354915645919325,-21.381426631262983,285.23619784550124,123.78533742948896,-118.20389271642865,229.2939053176716,-1.4646613716057677,-0.0786323399707134,0.4100566619319434,-7.376033094811065,-21.231080636105894,285.1460725291522,0,0,0.0,4.2322409093147915,-15.888827708013402,9.485762081047454,0.5031296014785765,3.071149843406109,0.5232759794380721,0,0.6463590264320374,-0.0706876292824745,0,0,2700.642612568829,0.9,4082
3044.004100551382,3044.004100551382,0.0768291966752851,-7.141996562222819,-22.13361888951578,285.69266409969515,122.6651762777379,-123.26093445635318,227.86223134791584,-1.4834102388814967,-0.0733224723591882,0.3975745765725767,-7.179430967897421,-21.985723573345005,285.600382757736,0,0,0.0,3.9027126605276776,-15.4273318641676,9.730325230945358,0.5245505571365356,3.0768011230455103,0.522877326315039,0,0.6463590264320374,-0.0706876292824745,0,0,2700.643250347472,0.9,4129
3038.0081198206217,3038.0081198206217,0.0792227042207552,-6.96199941341845,-22.853094248712384,286.1628239747848,121.49496756389463,-128.41206911485105,226.29450680916236,-1.5042610644302286,-0.0688539738273334,0.3808707226050386,-6.997168369064648,-22.71059857888225,286.06782038873365,0,0,0.0,3.667563732746283,-14.887018537533509,9.996385819049758,0.5462793707847595,3.08226077461842,0.522510387431721,0,0.6547820568084716,-0.0688483864068985,0,0,2700.6579880455843,0.9,4177
3031.7732767262523,3031.7732767262523,0.0816023426948006,-6.791576983273248,-23.590763455577463,286.6416076328604,120.27661023839788,-133.63637016334172,224.5905650988634,-1.5544923386886844,-0.0642605271874768,0.356205015116855,-6.825067879620262,-23.434838939580736,286.54567970065887,0,0,0.0,3.496060830912192,-16.56288058337449,10.085098185600136,0.5684859752655029,3.0874098552037985,0.5221657402324986,0,0.6748352646827697,-0.0652227401733398,0,0,2700.6865250876967,0.9,4224
3025.2911266101337,3025.2911266101337,0.0842207575674629,-6.632456480023624,-24.390305850512824,287.12480716387387,119.003540310556,-138.94189624512245,222.73940663473107,-1.5803704365133844,-0.0592924941398929,0.3444751260088508,-6.663086174293428,-24.23098519923372,287.0274213029504,0,0,0.0,3.1887610334550955,-16.667120787146494,10.262231165507842,0.5912545919418335,3.092297332574144,0.5218278980206345,0,0.6748352646827697,-0.0652227401733398,0,0,2700.725303198228,0.9,4271
3018.547048471986,3018.547048471986,0.0868038458942455,-6.486400347655991,-25.178679377275525,287.6183708671177,117.67070877971337,-144.33208144247757,220.73111015441768,-1.6087624238831528,-0.055025268108864,0.3285690015264647,-6.51480298589612,-25.02062671655635,287.51897067682,0,0,0.0,2.959892959862489,-16.569026130993386,10.458357391666468,0.614423096179962,3.096998633605893,0.5215152591133599,0,0.6848315596580505,-0.0634339675307273,0,0,2700.76977794035,0.9,4319
3011.549639532076,3011.549639532076,0.0894227194310759,-6.349832425052294,-25.994693176798545,288.1179436069226,116.2775658558172,-149.7929491862986,218.56257147227728,-1.658259505528826,-0.0506781424508201,0.3083193118526484,-6.376501926843819,-25.824223270383094,288.017999331409,0,0,0.0,2.7779633096655845,-18.05491510290468,10.505402718194604,0.6381351351737976,3.1014279638831046,0.5212232957049334,0,0.7024822235107421,-0.0599724501371383,0,0,2700.8151620805734,0.9,4366
3004.2767403273465,3004.2767403273465,0.0922865663451862,-6.224099375470301,-26.884638447995084,288.61947900371126,114.81528930983816,-155.33768033137503,216.21835870326515,-1.701904078397125,-0.0459883847421679,0.2961907786461097,-6.248166770336561,-26.702283435123803,288.5190696596284,0,0,0.0,2.492614259775352,-19.170077299243303,10.538778097459131,0.6625810265541076,3.1056338811513107,0.5209373626436125,0,0.711135983467102,-0.0582465790212154,0,0,2700.8556283095,0.9,4414
2996.7577670139217,2996.7577670139217,0.0952248158688954,-6.113242827814928,-27.780089557795115,289.12473265414934,113.28145275095248,-160.9517688421111,213.69150650885075,-1.7194228341525428,-0.04203148259514,0.2926536520575202,-6.13424505228393,-27.605634859342487,289.0228103712158,0,0,0.0,2.180559931298077,-18.169742773341813,10.746940986176677,0.6874057650566101,3.1097314752912086,0.5206744038055162,0,0.711135983467102,-0.0582465790212154,0,0,2700.8858170340463,0.9,4461
2988.9587289990623,2988.9587289990623,0.0979256462216331,-6.01362993126262,-28.605249372896665,289.6429085279062,111.66890939519172,-166.6434592960801,210.967887928046,-1.7393623002058682,-0.0393404730234806,0.2841916155852163,-6.033055179843315,-28.444212344600583,289.53837914863715,0,0,0.0,2.026353079088252,-16.80914712087369,11.001668119833882,0.712521493434906,3.1137781236258464,0.5204662689942074,0,0.720049262046814,-0.0565349608659744,0,0,2700.836156964473,0.9,4509
2980.8896044461994,2980.8896044461994,0.1005063435397661,-5.91899773606634,-29.42059427415659,290.1688415069692,109.98190113224844,-172.38571851136246,208.05217419456227,-1.7836126167015272,-0.0365392168300026,0.267946684961781,-5.937712957180449,-29.25179867765803,290.063645042802,0,0,0.0,1.952769171561149,-17.83974054997221,11.052117099865969,0.7380915880203247,3.1176767844067017,0.5203208450376712,0,0.7377230525016784,-0.0530880838632583,0,0,2700.8229689975765,0.9,4556
2972.5583204164323,2972.5583204164323,0.1032120779716863,-5.831139631936583,-30.26576479757055,290.6973380620196,108.21909563151728,-178.1654806234081,204.94060060018705,-1.8040814440165165,-0.0333824556810582,0.2636448424266581,-5.847861824690393,-30.09944852813317,290.59091409244843,0,0,0.0,1.7368294574171543,-17.363770294148598,11.220007485022158,0.7641130685806274,3.1214591542680665,0.5202289942697823,0,0.7377230525016784,-0.0530880838632583,0,0,2700.851246744005,0.9,4604
2963.933824095628,2963.933824095628,0.1057959231998729,-5.751975778292385,-31.076401476926016,291.23651232875665,106.37483679816881,-183.98553513397437,201.62155929115448,-1.827299189438488,-0.0308916624801231,0.2553175933882354,-5.767365037101692,-30.91558926007365,291.1280359356366,0,0,0.0,1.6021876010117297,-16.814900099661347,11.40754756609692,0.79048752784729,3.125207879258215,0.5202081127502908,0,0.7469547986984252,-0.0513513945043087,0,0,2700.9026752515288,0.9,4651
2955.0451327691635,2955.0451327691635,0.1082455313611203,-5.679306680261816,-31.843174926556816,291.78578996584525,104.45183059347148,-189.821680381098,198.09778787005928,-1.8332244928916768,-0.0288378031118173,0.2528201007209348,-5.693300147144558,-31.696374613000724,291.67468557352163,0,0,0.0,1.4585449349933275,-15.228962786525612,11.71850878976163,0.8170397877693176,3.1289331063849883,0.5202750059970251,0,0.7469547986984252,-0.0513513945043087,0,0,2700.961523807045,0.9,4699
2945.8643358674813,2945.8643358674813,0.1104807306660967,-5.610214632409273,-32.56675970432708,292.3481722970691,102.45036769285257,-195.6635975394641,194.36871545638613,-1.8668317840031972,-0.027021395176598,0.2386892254939331,-5.6241204510887455,-32.418393420352864,292.2354533788447,0,0,0.0,1.4550630181933164,-15.648460780323983,11.839613716701407,0.8439017534255981,3.1326167488284025,0.5204483282068757,0,0.7616291046142578,-0.0480017215013504,0,0,2701.015554590143,0.9,4746
2936.401968915186,2936.401968915186,0.1128659730093867,-5.54213714264499,-33.3543729603458,292.91090187177446,100.36839686008253,-201.50112544314268,190.42978584800875,-1.9172627123386288,-0.0241046637167706,0.2221793113752386,-5.555557055212312,-33.18807464703667,292.79887749520043,0,0,0.0,1.3936849021182267,-17.621464153307162,11.745164213752656,0.8713962435722351,3.1361450414914125,0.520716625602885,0,0.7741684913635253,-0.0447029061615467,0,0,2701.054386288375,0.9,4794
2926.678755109819,2926.678755109819,0.115496106321381,-5.48128300094555,-34.201522730398054,293.4701630397932,98.20106749969185,-207.32555562382905,186.2718153519241,-1.9415472710737856,-0.0208617137738236,0.2181514896671339,-5.492527422625549,-34.03316404611984,293.3579634144493,0,0,0.0,1.1576798068748118,-17.603151251971678,11.810346858634189,0.8993987441062927,3.1396081303926917,0.5210664655408742,0,0.7741684913635253,-0.0447029061615467,0,0,2701.0695503050724,0.9,4841
2916.6752843642225,2916.6752843642225,0.1180509961030971,-5.429974581147815,-35.021564769770364,294.0355898443909,95.94335886719992,-213.1333709944753,181.88448772498816,-1.9612389686414449,-0.0185131362978726,0.2105631490750354,-5.439794330375546,-34.859871607415734,293.9219993182453,0,0,0.0,1.0168836159608832,-16.895087890458274,11.953340480056225,0.9277139902114868,-3.140110401684695,0.5215219337883924,0,0.779522716999054,-0.0430929288268089,0,0,2701.058061592607,0.9,4888
2906.4025863631746,2906.4025863631746,0.1204396217848306,-5.384703022090933,-35.78726423626436,294.6101014486448,93.59605146093016,-218.9076439670224,177.26833938012987,-1.9646740271818337,-0.0168597182983068,0.2083851559444499,-5.393294506835135,-35.64125405629502,294.494061305878,0,0,0.0,0.8928242062252337,-15.137118235368357,12.235460682644703,0.9561808705329896,-3.1366002833907034,0.5221125143745006,0,0.779522716999054,-0.0430929288268089,0,0,2701.0226768035363,0.9,4936
2895.8448327003766,2895.8448327003766,0.1225577100189777,-5.341707008727914,-36.48457757045622,295.19785947439016,91.1609859328242,-224.6335889251006,172.42637796515982,-1.981724410514976,-0.0156688764664292,0.1951759950461617,-5.35057087730046,-36.3464581729073,295.0797328554478,0,0,0.0,0.9323046444914072,-14.45690390488596,12.423350833656484,0.9848126769065856,-3.1330505225533454,0.5228755868244815,0,0.788023829460144,-0.0399097800254821,0,0,2700.9706572294344,0.9,4983
2884.8931154227,2884.8931154227,0.1245728029120214,-5.298308582618752,-37.1538717147103,295.8017359872267,88.61797480361929,-230.3445469633152,167.31824001753705,-1.985832537143128,-0.0142972044743622,0.1919775135773729,-5.306689920122216,-37.02539483112763,295.6798817864875,0,0,0.0,0.862319817092039,-13.176511588178077,12.687907941900756,1.013932704925537,-3.129396104883748,0.5238396617356504,0,0.788023829460144,-0.0399097800254821,0,0,2700.910477590187,0.9,5031
2873.789627410012,2873.789627410012,0.1263456732908115,-5.2565273641501085,-37.75067051903503,296.41281150037685,86.00713008959934,-235.93302378087628,162.02369355971413,-1.9904744729150912,-0.0132679833577024,0.1791731667610312,-5.2651944674001605,-37.63538124972966,296.2895846859642,0,0,0.0,0.9132964531800182,-11.986757776494033,12.965803994788528,1.042791485786438,-3.1257086420809577,0.5250135140889868,0,0.7915542125701904,-0.0368226878345012,0,0,2700.854544131262,0.9,5078
2862.4261500282214,2862.4261500282214,0.1279372031715599,-5.221202895770566,-38.30280555018181,297.03560507546246,83.32508594579123,-241.4072212619548,156.53753639317324,-1.9996082287876575,-0.0129165108211824,0.2156238579501067,-5.226361742959512,-38.19448706126303,296.9102822960403,0,0,0.0,0.508922959902066,-11.308603607197425,13.183182211749562,1.0717390775680542,-3.1215745989733485,0.5264493626021413,0,0.7958221435546875,-0.0469750687479972,0,0,2700.811855731772,0.9,5126
2850.8108223639874,2850.8108223639874,0.1294020032804992,-5.19862760850806,-38.81740293271368,297.66921651963,80.57074835631965,-246.7648278458041,150.85175659714338,-2.000090435137561,-0.0139728958873493,0.2230441934697478,-5.203193150479024,-38.71880886734896,297.54140072296804,0,0,0.0,0.4866626127048745,-10.232269028764314,13.461262585133076,1.1007418632507324,-3.1167715985912015,0.5282633333287037,0,0.7958221435546875,-0.0469750687479972,0,0,2700.789579381183,0.9,5173
2838.9429922934,2838.9429922934,0.1306716778208817,-5.170043785274535,-39.27465652236857,298.31737002311456,77.74875022696861,-251.993892688126,144.9713565940811,-1.9968436170117576,-0.0144634415159777,0.2062927063039258,-5.176874652357067,-39.18783254510394,298.1865210462718,0,0,0.0,0.738084451272095,-8.997369112706313,13.781140600049154,1.129716157913208,-3.1116276717675087,0.530541510018166,0,0.7964967489242553,-0.0424535050988197,0,0,2700.7919769265427,0.9,5221
2826.827373090061,2826.827373090061,0.1317861651781251,-5.125585162148657,-39.70023922818759,298.9777209846391,74.86316558877971,-257.0807482363376,138.90662322005937,-2.010115414936227,-0.0131182248030225,0.1634254226886513,-5.1363223971807495,-39.61326467530128,298.8452515639943,0,0,0.0,1.152094281019587,-9.178412533610457,13.925854401324235,1.1587567329406738,-3.1064435486819693,0.5333245552519896,0,0.8032088279724121,-0.0323397815227508,0,0,2700.8200300316958,0.9,5268
2814.478433734708,2814.478433734708,0.1329691273383051,-5.0697930337056745,-40.15734567329514,299.6407265496081,71.91334207703672,-262.0147371094908,132.6635993538014,-2.0313957177128934,-0.0099227188575511,0.1430960948022267,-5.080926116565282,-40.06173372743576,299.50822469719486,0,0,0.0,1.1570854374725124,-10.130860540766545,13.924230610559365,1.1880384683609009,-3.101207101038868,0.536619601600066,0,0.8084936141967773,-0.0293227434158325,0,0,2700.8696626706283,0.9,5316
2801.9068190837515,2801.9068190837515,0.1342673966128083,-5.019887337015049,-40.644201786538986,300.3039565697628,68.89541974714702,-266.7893301753616,126.23980475204624,-2.041362525029881,-0.0069844343610717,0.1393570176760177,-5.029002871183372,-40.54712957051576,300.17099924917454,0,0,0.0,0.9363395666141092,-10.171055353269256,13.993717153531785,1.2175284624099731,-3.09554173722528,0.5405022478133201,0,0.8084936141967773,-0.0293227434158325,0,0,2700.9323737740774,0.9,5363
2789.0978578573518,2789.0978578573518,0.1355509713423443,-4.978443323626909,-41.127880980793805,300.9714978517775,65.80520600472673,-271.40176935261206,119.62810542147976,-2.05395251319254,-0.0049283728109982,0.131681486586738,-4.986397520090643,-41.030473038577966,300.83787226839496,0,0,0.0,0.8246369661289861,-10.233136048883388,14.041442954450128,1.2471996545791626,-3.0891822074767488,0.5451656650406548,0,0.8122034072875975,-0.0275294072926044,0,0,2700.9985084762425,0.9,5411
2776.0617654515136,2776.0617654515136,0.136847851177649,-4.941122289674199,-41.61938518652634,301.6407110377538,62.64243155559491,-275.8427613374962,112.82908551784762,-2.0676294950389758,-0.003071582588067,0.1235803338767944,-4.948349065632212,-41.52008254300083,301.50690123988164,0,0,0.0,0.7487319145290837,-10.42662621702254,14.044826038605429,1.2770800590515137,-3.0818909207923575,0.5508777321054767,0,0.815347135066986,-0.0258750431239604,0,0,2701.0583324604795,0.9,5458
2762.834446939187,2762.834446939187,0.138097438581694,-4.907862569455569,-42.083792832697526,302.31111397220167,59.40068932303532,-280.10466817605163,105.8303875853631,-2.0769038892028218,-0.0017586805425612,0.120366426966556,-4.914218265700995,-41.99713148755025,302.17661868587805,0,0,0.0,0.6620352678991079,-9.093199693479477,14.137762094050752,1.3070787191390991,-3.073296992176742,0.557987001686791,0,0.8168524503707885,-0.0255080703645944,0,0,2700.9916975117544,0.9,5505
2749.4162601623543,2749.4162601623543,0.1391761601674545,-4.877943774979412,-42.50612314282975,302.98536967488405,56.08412779410003,-284.1743280724618,98.64187473244654,-2.078970114020221,-0.0010121992446632,0.1195969059213584,-4.883675656338699,-42.42379196321805,302.850151977074,0,0,0.0,0.5964005669344368,-8.587130387494119,14.227908060173334,1.3371224403381348,-3.0627677186064357,0.567061657477331,0,0.8168524503707885,-0.0255080703645944,0,0,2700.9542592359394,0.9,5553
2735.8055556867143,2735.8055556867143,0.1401635249417055,-4.850603956490184,-42.901841225447725,303.66431152455897,52.70666344985928,-288.03396435133885,91.29378573147173,-2.081177835800567,-0.0005408957762372,0.118455813230209,-4.85594143453996,-42.82439557480424,303.5282365577891,0,0,0.0,0.557449305658052,-8.090362887960403,14.310690132182115,1.3671733140945437,-3.0493889811506114,0.5789908204712668,0,0.8183295130729675,-0.0252687353640794,0,0,2701.0115641523003,0.9,5600
2722.005496455303,2722.005496455303,0.1410823344180482,-4.8246212670899125,-43.2811676603976,304.34655975629664,49.270450285733325,-291.67600147922764,83.7907704202895,-2.0862376510452774,-0.0001192402662349,0.1166015681536433,-4.829749099480049,-43.2057033200368,304.2100466513411,0,0,0.0,0.5356371811981635,-7.908060407888523,14.339459119284172,1.3972573280334473,-3.03167230747491,0.5952903461537407,0,0.820431113243103,-0.0248689446598291,0,0,2701.1211605152807,0.9,5648
2708.035583852088,2708.035583852088,0.1419685667182073,-4.7998417153863215,-43.65125070782748,305.0299346871651,45.77983840821797,-295.0902696502916,76.14240808278913,-2.088678801159014,0.0003235185412756,0.115085646840594,-4.804692638755992,-43.578413643004794,304.8931542381632,0,0,0.0,0.506072500140289,-7.608658384549207,14.367208718643901,1.4273313283920288,-3.0068596807724086,0.6187051895659773,0,0.8209742307662963,-0.0245872940868139,0,0,2701.244080300893,0.9,5695
2693.9314018506184,2693.9314018506184,0.1427920726155454,-4.776635653333666,-44.000732954502176,305.7140505194972,42.243614531453815,-298.26371005983043,68.36811195659867,-2.0876455012339985,0.0006209347401151,0.1147486780704443,-4.781148461696638,-43.93297523033134,305.5770266872463,0,0,0.0,0.4717217785943028,-7.066261718496423,14.417910984527651,1.4572411775588987,-2.969477503098242,0.6547292171645007,0,0.8209742307662963,-0.0245872940868139,0,0,2701.347562644355,0.9,5743
2679.672814127027,2679.672814127027,0.1435229243562591,-4.754383756064296,-44.32206415128377,306.4012561491276,38.66150466544545,-301.1939067536808,60.467302141064714,-2.084799503484655,0.0007435722732443,0.1131240145170078,-4.758843899645816,-44.26016829203877,306.26360057031457,0,0,0.0,0.4686172768105716,-6.443861129371357,14.474630764882006,1.4868803024291992,-2.906105001318237,0.7167465371941169,0,0.8210021257400512,-0.0241977591067552,0,0,2701.4081976424804,0.9,5790
2665.262966826115,2665.262966826115,0.1441564681588001,-4.731152109947999,-44.61476377099889,307.0917955186183,35.035231042450974,-303.8756335000234,52.44393771812799,-2.0811842406286174,0.0009008700496043,0.1077291207515303,-4.736018929743213,-44.55842138145053,306.95352071901243,0,0,0.0,0.513731996576063,-5.859488683046778,14.520117951844671,1.5158257484436035,-2.775818417615543,0.8457249300880963,0,0.8209947943687439,-0.0229039583355188,0,0,2701.412731816737,0.9,5838
2650.7397084672834,2650.7397084672834,0.1447013280926671,-4.706894637666162,-44.88149247689861,307.78357433722346,31.374388695644463,-306.2982120443349,44.32019127494152,-2.0775608889878856,0.0011199684813917,0.1067323967249146,-4.71167984472782,-44.829989730026874,307.6451484627456,0,0,0.0,0.500492415666775,-5.364905538549266,14.541343789695205,1.541904091835022,-2.391547235973232,1.228750454672185,0,0.8209947943687439,-0.0229039583355188,0,0,2701.358846419033,0.9,5885
2636.1092834545034,2636.1092834545034,0.1451736910284728,-4.68259216294956,-45.127394435911945,308.475529748412,27.683903342330176,-308.4564852177079,36.10761295619928,-2.0743705373138406,0.001302556656993,0.1023336995685436,-4.687601994416604,-45.0795847098094,308.3371955202777,0,0,0.0,0.5277941188127693,-4.990297831648567,14.530031004589707,1.549148440361023,-1.1419717154013977,2.477064053328641,0,0.8210009932518005,-0.0218136981129646,0,0,2701.254154789495,0.9,5933
2621.387541855566,2621.387541855566,0.1455929223532506,-4.656355535069486,-45.35804522334903,309.1658698158881,23.968466691433115,-310.34538230583115,27.81762299502549,-2.0715317297951,0.0017239904613337,0.0947463354932731,-4.661856321055157,-45.31291216188436,309.0279913308356,0,0,0.0,0.5801265736786813,-4.7197208956549215,14.48352791266126,1.5270555019378662,-0.465541276249662,3.1524681262737237,0,0.8209203481674194,-0.0200805775821208,0,0,2701.1141238522096,0.9,5980
2606.5801986134406,2606.5801986134406,0.1459790833727405,-4.6189195993852215,-45.58032510805488,309.8529949351518,20.230110072256597,-311.9614002804096,19.45776146321813,-2.070181920635076,0.0035020752363778,0.0462272534561255,-4.628653333045581,-45.535968021235725,309.7159606005087,0,0,0.0,1.05137260479545,-4.658295250471305,14.38714850544458,1.4989463090896606,-0.2757474661600418,3.3415482537127006,0,0.8211632370948792,-0.0080514326691627,0,0,2700.9589244375934,0.9,6028
2591.70600800928,2591.70600800928,0.1463734856752155,-4.54796017894166,-45.80871133395377,310.5334301693252,16.468465272318678,-313.3002232998348,11.0404576552508,-2.07305251738305,0.0093565508257651,-0.0643466481429679,-4.566698812889727,-45.7613348904028,310.39810052475616,0,0,0.0,2.0190650319639167,-5.016892665225713,14.201663279650468,1.4697285890579224,-0.1943126795174881,3.423448310558898,0,0.8223926424980162,0.0178888663649559,0,0,2700.810155602151,0.9,6075
2576.7867901558616,2576.7867901558616,0.146821132303979,-4.459101321102386,-46.05173100632972,311.203350928619,12.6774880937292,-314.3577512081028,2.5798028530081965,-2.0745984976364342,0.0173896498288206,-0.0837053167796126,-4.474991502448034,-46.00270631932843,311.0701980674298,0,0,0.0,1.613149212674322,-5.160270715409129,13.983520574613635,1.4401482343673706,-0.1495873427815471,3.469613091474071,0,0.8223926424980162,0.0178888663649559,0,0,2700.6870115724887,0.9,6122
2561.8025498181537,2561.8025498181537,0.1472382708328692,-4.37957990664713,-46.27151319687788,311.8677630042822,8.846863261714065,-315.1321836416877,-5.93051075153911,-2.056256940173767,0.0237130332878081,-0.1511590549876926,-4.397180823899362,-46.233870807116155,311.7347388397113,0,0,0.0,1.8598339099951768,-3.7900011175841306,13.975644727685252,1.410486340522766,-0.121687477065021,3.4995783335124933,0,0.8165876269340515,0.0343338325619697,0,0,2700.603567454472,0.9,6170
2546.7873410978814,2546.7873410978814,0.1473505285623532,-4.295598274921653,-46.3737435180306,312.5401865299968,4.980329087841975,-315.6205162354904,-14.464650979035518,-2.0086553464528314,0.0294489151485024,-0.1747875852762943,-4.311570624142863,-46.368974760290016,312.40402026861807,0,0,0.0,1.649206641404982,-0.1287086544962504,14.342718203323734,1.3812230825424194,-0.1031826605761107,3.5208078530563167,0,0.805780291557312,0.0372535362839698,0,0,2700.56968490033,0.9,6217
2531.775262454028,2531.775262454028,0.1469372797304216,-4.223801196333955,-46.321073162658045,313.2285598603839,1.0964918843276197,-315.82720988483493,-22.96911696400135,-1.9788345889655263,0.0322043208037991,-0.1784722634405243,-4.237213235364713,-46.33858784731722,313.0901486596071,0,0,0.0,1.3897175786427,1.959677957533124,14.566898623594632,1.352530002593994,-0.0901110742562288,3.5367736580022533,0,0.805780291557312,0.0372535362839698,0,0,2700.590249395627,0.9,6265
2516.737445724047,2516.737445724047,0.1462987837330161,-4.162812931033487,-46.21414780766381,313.9227730900817,-2.8006130521569617,-315.76062815215573,-31.431849108321806,-1.9627788975250064,0.033155592348978,-0.1726604406912907,-4.17417813798175,-46.23656239815135,313.78400678663024,0,0,0.0,1.1783570200340308,2.343059805991206,14.563695054466251,1.3240851163864136,-0.0803797312186333,3.5493999056381664,0,0.8052188754081726,0.0356150045990943,0,0,2700.661458758071,0.9,6312
2501.7177495549668,2501.7177495549668,0.1456460664221146,-4.1107191045033735,-46.10902063980603,314.6131453874498,-6.700758765676479,-315.42493167766173,-39.831869522853374,-1.9531090812174476,0.0331314168972201,-0.1626852162457311,-4.120442915406945,-46.128765197080234,314.4755711886955,0,0,0.0,1.0110393291581388,2.0184643263106223,14.437231306279775,1.295814037322998,-0.0728625196270062,3.559689958945081,0,0.803896963596344,0.0333105102181434,0,0,2700.769785490588,0.9,6360
2486.712163282288,2486.712163282288,0.145051898418554,-4.0638179099988045,-46.021325345303545,315.2968153142766,-10.602833866498514,-314.8234979447999,-48.1695247157245,-1.9431317489164213,0.0327622026210624,-0.1589476557185673,-4.07304059442826,-46.037984450832255,315.16064661678496,0,0,0.0,0.9670763161085008,1.7092646203547783,14.28087757596076,1.2676494121551514,-0.0669445163987614,3.56828884875262,0,0.8013193011283875,0.0327263623476028,0,0,2700.895527244075,0.9,6407
2471.751360903228,2471.751360903228,0.1445037030691026,-4.018144588616774,-45.94533298267278,315.97232253702816,-14.501338748319968,-313.9592881093815,-56.434958532068414,-1.9326750966189727,0.0325040375164032,-0.1570087957298124,-4.027205597317368,-45.96008520917167,315.8378339202281,0,0,0.0,0.951350521856224,1.5199679967960107,14.112419009182682,1.2396388053894043,-0.0622609649693654,3.575619037286498,0,0.7987610101699829,0.0323157832026481,0,0,2701.016646459012,0.9,6455
2456.84491975587,2456.84491975587,0.1440074037886343,-3.97289552653226,-45.879194397793725,316.6378402420603,-18.39701244351982,-312.8332598723375,-64.63056497484756,-1.9303252189199591,0.0324008301791894,-0.1569408059962681,-3.9819690729540103,-45.89683942306658,316.50545137077086,0,0,0.0,0.9587087067286097,2.746850436900893,13.93809026159724,1.2117263078689575,-0.0585357726600126,3.582002231496788,0,0.7987610101699829,0.0323157832026481,0,0,2701.052492229688,0.9,6502
2441.9854070119336,2441.9854070119336,0.1433853825162403,-3.9270418361002233,-45.773132469038885,317.2937904008565,-22.32135630115392,-311.42354238521983,-72.82225554081018,-1.9267380693332283,0.0321147955153975,-0.1557168727055568,-3.936210274263479,-45.79088828257617,317.16375791551565,0,0,0.0,0.9624943941673928,1.7666748451095344,13.62483285511354,1.1838202476501465,-0.0555293371669865,3.587658252304224,0,0.7966692447662354,0.0319721549749374,0,0,2700.945481448662,0.9,6550
2427.191888621532,2427.191888621532,0.1428610076858364,-3.882035937708801,-45.69987585159821,317.93614725875847,-26.235141925818606,-309.7568739648175,-80.92799308154538,-1.9172759274424331,0.0321044267007213,-0.1531880362491563,-3.890856592521207,-45.71387715809383,317.80860530476986,0,0,0.0,0.9231151056606322,1.4408608944613257,13.362753547174044,1.155988693237305,-0.0531011594201959,3.592732886954209,0,0.7932208776473999,0.0313446596264839,0,0,2700.9764861826475,0.9,6597
2412.5087164174797,2412.5087164174797,0.1423982118126153,-3.838425686988351,-45.646605035092094,318.5636062112602,-30.12915429626444,-307.8390510825584,-88.92956531318706,-1.9152922954813476,0.0321707391362642,-0.1530170378910784,-3.847105364713887,-45.65421411441137,318.43950100724174,0,0,0.0,0.9112828907167922,0.7052209285583714,13.01110112917956,1.1282877922058105,-0.0511336938272425,3.5973300389068017,0,0.7932208776473999,0.0313446596264839,0,0,2701.0817439910406,0.9,6644
2397.9065048192856,2397.9065048192856,0.142058095094019,-3.795925409793999,-45.630561018291296,319.17366608844264,-34.0101636660672,-305.6688471673016,-96.841356343097,-1.913043035949591,0.0324852459242689,-0.1520528851862876,-3.8042514016245104,-45.63144593191364,319.0531097262563,0,0,0.0,0.8705949029123036,0.0265343935429935,12.623569140753943,1.1005783081054688,-0.0495496420241196,3.601564000138344,0,0.791649043560028,0.0310568138957023,0,0,2701.2049617555226,0.9,6692
2383.4177361414377,2383.4177361414377,0.1417987620517217,-3.7557382484680297,-45.63141831843452,319.76641413017,-37.8756593618798,-303.24728154052127,-104.6585341454982,-1.903367863182444,0.0327230360819891,-0.1500445892538076,-3.7635653890635186,-45.63208179799911,319.64899168745933,0,0,0.0,0.819210775199025,0.0814804065894384,12.306655386179154,1.0729596614837649,-0.0482590657877806,3.60548658217476,0,0.7882474660873413,0.0305544063448905,0,0,2701.299829285667,0.9,6739
2369.050556198536,2369.050556198536,0.1415316308076737,-3.717210136288816,-45.626785697803626,320.34410828571754,-41.72210900747987,-300.57818721982403,-112.37432421256813,-1.8958943522967835,0.0327633489646783,-0.148994803139265,-3.7248523578087536,-45.62772241940127,320.2298677266634,0,0,0.0,0.80239884969445,0.0812769449168192,11.96695984885388,1.0454684495925903,-0.0472451987216249,3.6091420246598296,0,0.7870261669158936,0.0303260833024978,0,0,2701.334505814243,0.9,6787
2354.813659148132,2354.813659148132,0.141284363927373,-3.6792660367910055,-45.62841431945445,320.90433675746266,-45.54694957927286,-297.664916897791,-119.9839584333868,-1.8913118000231897,0.0328419617605917,-0.1481251153594117,-3.6868005644957074,-45.62714726394166,320.7938180213011,0,0,0.0,0.7906128569046614,-0.1700367204341651,11.568221413439495,1.0180569887161257,-0.0464537196536253,3.612573408622215,0,0.7861195802688598,0.0301046669483184,0,0,2701.292871369878,0.9,6834
2340.710034301828,2340.710034301828,0.1410961053116976,-3.641797029468045,-45.64937422639792,321.4442048362282,-49.34979960203045,-294.5084150430532,-127.486849569265,-1.89134105108259,0.0330734406280928,-0.1481840690986424,-3.649250862205847,-45.64284372475744,321.3380926956768,0,0,0.0,0.7809532413379322,-0.753383622120146,11.08806537500023,0.99065500497818,-0.0458606048899903,3.6158238483066687,0,0.7861195802688598,0.0301046669483184,0,0,2701.1740752887567,0.9,6882
2326.7690813348663,2326.7690813348663,0.141005100510885,-3.60535213167172,-45.698635283843565,321.9598234279188,-53.12622320093014,-291.11172198005715,-134.87424493250637,-1.8915462232696807,0.0334748243961887,-0.1474599612637591,-3.612497653088752,-45.68690492530152,321.8586677357132,0,0,0.0,0.747096772252665,-1.2827485914932013,10.570774330162132,0.9632607698440552,-0.0454345336629376,3.618923594493317,0,0.7854303121566772,0.0298828706145286,0,0,2700.9912078672064,0.9,6929
2313.0006524856085,2313.0006524856085,0.1409871008173947,-3.57086920068848,-45.76482716609696,322.4508256326605,-56.87450651656431,-287.4759336716647,-142.14282256178174,-1.8882743261886443,0.0338387882861977,-0.145717405072535,-3.577577732973264,-45.75136809536737,322.3545027798369,0,0,0.0,0.7015560168800856,-1.422725925476398,10.069518174405792,0.9358976483345032,-0.0451439045501507,3.621894377680922,0,0.7839066386222839,0.0294504910707473,0,0,2700.7677834886963,0.9,6977
2299.428575067026,2299.428575067026,0.1409985817729497,-3.5379143642929223,-45.8376143729145,322.9166702097168,-60.58910690166576,-283.606376602206,-149.2821525770715,-1.8876463202417295,0.0341406518653245,-0.145615491328028,-3.5444560058864023,-45.82201150635961,322.8256011573633,0,0,0.0,0.686965177823388,-1.6741137365975851,9.52360775688977,0.9086006879806519,-0.0449765094138575,3.6247477248257134,0,0.7839066386222839,0.0294504910707473,0,0,2700.5338300292647,0.9,7024
2286.0324261545425,2286.0324261545425,0.141058747878619,-3.50579644192188,-45.92263624921547,323.35618866228754,-64.27385280821686,-279.4990915719944,-156.29950091514158,-1.8865846116221097,0.0345193465616722,-0.1449088054471181,-3.5121119631674977,-45.90499666855139,323.2704581956226,0,0,0.0,0.6614158234050282,-1.8720327939822972,8.951598227976147,0.881286084651947,-0.0449307805086974,3.6275086480658807,0,0.7832844257354736,0.0292452871799469,0,0,2700.319199849488,0.9,7072
2272.8239656199617,2272.8239656199617,0.1411546265890066,-3.475079615593691,-46.01475400000621,323.7685392784171,-67.92768164986737,-275.153574208969,-163.19266420648916,-1.8852229571270556,0.0348633500880963,-0.1432983961325608,-3.48107853118173,-45.99599359161578,323.68831106307454,0,0,0.0,0.6272674718715266,-1.9807139698617728,8.36309832943405,0.8539618849754333,-0.0449744017410774,3.6301888984345374,0,0.782800555229187,0.0288534238934516,0,0,2700.150126279116,0.9,7119
2259.8316830220288,2259.8316830220288,0.1412780495799712,-3.4456922632008258,-46.11211868605327,324.15215386824565,-71.54364186066007,-270.5768794437859,-169.9484698404589,-1.8846676436630487,0.0351754448965033,-0.1424112613060849,-3.4514914098686105,-46.0921448281928,324.0777856925818,0,0,0.0,0.6075494261425066,-2.11244669982886,7.747211987753925,0.8266596794128418,-0.0451051990145131,3.6327956187410577,0,0.7826634645462036,0.0286680608987808,0,0,2700.044836515506,0.9,7167
2247.076251600878,2247.076251600878,0.1414342453640004,-3.417036091630636,-46.21646632396239,324.5054161558742,-75.11559474294022,-265.77655566151924,-176.55557906090058,-1.884889576854946,0.035549107697188,-0.1424104274099491,-3.4227292803006013,-46.194967239549015,324.43721800752826,0,0,0.0,0.5974575752632727,-2.276555140086452,7.10449934270752,0.7993890047073364,-0.0453236291184988,3.635337294016835,0,0.7826634645462036,0.0286680608987808,0,0,2700.0103481716246,0.9,7214
2234.551969000197,2234.551969000197,0.1416251080422789,-3.3890896332689,-46.327565535572255,324.8278225353512,-78.64393651172554,-260.7520482098329,-183.0145904995515,-1.884813613337144,0.0359742438158047,-0.1417934291704899,-3.394588907382992,-46.30500121257236,324.765833652592,0,0,0.0,0.5761432947046917,-2.3795027040179284,6.44974312582361,0.7721118927001953,-0.0456212712702776,3.63782749454254,0,0.7825252413749694,0.0284939184784889,0,0,2700.042046334487,0.9,7261
2222.2626951131447,2222.2626951131447,0.141839740007602,-3.3622717173775576,-46.44133190695107,325.11922824338967,-82.12814864689823,-255.50318588694967,-189.324332816339,-1.884004437432124,0.0363539677566942,-0.1404979726730626,-3.3675251409193327,-46.418624180580174,325.06344589073257,0,0,0.0,0.5499369542924376,-2.38295416597195,5.792909864039275,0.7448211908340454,-0.0459846657847281,3.640274566464536,0,0.782324492931366,0.0281857550144195,0,0,2700.1253550806314,0.9,7309
2210.208452297853,2210.208452297853,0.1420652250357492,-3.336326570350064,-46.55381245964775,325.379740775312,-85.56770132694656,-250.02935966179547,-195.48364224865435,-1.882761576401428,0.0366769822740492,-0.1398647588580792,-3.3414747540448446,-46.531565407855545,325.3301562284031,0,0,0.0,0.5392826550339582,-2.325937646527068,5.132839665643699,0.7175005674362182,-0.0464133941874793,3.642685274705393,0,0.782197594642639,0.0280601605772972,0,0,2700.2384221464413,0.9,7356
2198.458015513312,2198.458015513312,0.1422944285063514,-3.310699671585291,-46.66283355653224,325.60791256987585,-88.94625965302131,-244.35627701122328,-201.4633011817841,-1.8815405724180647,0.0370048204248305,-0.1398572611596927,-3.315827623405537,-46.64127759971362,325.5648124034327,0,0,0.0,0.5395474395811062,-2.260733234249615,4.466896576519304,0.690286874771118,-0.0469066379460652,3.64505280375923,0,0.782197594642639,0.0280601605772972,0,0,2700.355113977796,0.9,7404
2186.9421294356603,2186.9421294356603,0.1425262851728382,-3.285042630082505,-46.76802114158972,325.80506233147673,-92.27544640508816,-238.46532723026567,-207.28363017151585,-1.8796156347627584,0.037340880682124,-0.1395000820330276,-3.2901557845622293,-46.74749635293824,325.7681762599712,0,0,0.0,0.5358722669510521,-2.1377817017494123,3.7997259366571,0.6630016565322876,-0.0474667075787342,3.6473992327578153,0,0.7820358276367188,0.027959682047367,0,0,2700.4511208092467,0.9,7451
2175.730545342853,2175.730545342853,0.1427477399552531,-3.2595572460124416,-46.8637351001631,325.97046086117194,-95.54228538143478,-232.37812016451963,-212.9217048660855,-1.8756638245272856,0.0376216702865714,-0.1389998731923915,-3.2646498583905927,-46.84579912044232,325.9398366197804,0,0,0.0,0.5352354510986229,-1.8529584762651636,3.150786116817283,0.6358051300048828,-0.0480865978056578,3.649715857073803,0,0.7814660668373107,0.0278413966298103,0,0,2700.5055396180683,0.9,7499
2164.830470967388,2164.830470967388,0.142813363629625,-3.233189784191992,-46.88810247589124,326.1077042317594,-98.75840785087641,-226.06337368378436,-218.39713695109867,-1.872524621286536,0.0374682963494298,-0.1389123641611423,-3.2386778223232784,-46.88814839533793,326.0825275948471,0,0,0.0,0.5832969987234818,-0.0172500356135074,2.5800696460156525,0.6087042689323425,-0.0487673363174911,3.6520033719226817,0,0.7814660668373107,0.0278413966298103,0,0,2700.3457771233,0.9,7546
2154.2205503876376,2154.2205503876376,0.1427730361450121,-3.2043835120786106,-46.89214790817047,326.21456895119366,-101.91216569288264,-219.54952000280085,-223.68952494863825,-1.8688304715603816,0.0374810085113476,-0.1389006918608245,-3.210276856900007,-46.89100197191711,326.1957474548275,0,0,0.0,0.6215413493122306,-0.1312362222353512,1.9086254205253184,0.5816147923469543,-0.0495119084319413,3.654269433551117,0,0.7809385657310485,0.0278353467583656,0,0,2700.259197800244,0.9,7594
2143.9257385209416,2143.9257385209416,0.1427481767249692,-3.174179583387376,-46.89321108523445,326.2903227069816,-104.99026587688962,-212.86802628777085,-228.77646672096347,-1.8605209963471263,0.0376543419403153,-0.1394565230841231,-3.180321272969456,-46.894475456422654,326.2775008013484,0,0,0.0,0.6473664863587621,0.1658950349197672,1.2846663901662263,0.5546156764030457,-0.0503225242947427,3.6565170217954144,0,0.7792278528213501,0.0279599875211715,0,0,2700.2573219117644,0.9,7641
2133.9661394775135,2133.9661394775135,0.1426957986871919,-3.142919478794504,-46.882120444876605,326.33606719498505,-107.9856593374755,-206.03741676605648,-233.64657352950832,-1.8553529031156193,0.0378558815777368,-0.1395531598696363,-3.149239968766404,-46.884492919471256,326.329425445162,0,0,0.0,0.6661986582138184,0.244334135242411,0.6310382235650327,0.5277555584907531,-0.0511961325493078,3.6587481893117673,0,0.7792278528213501,0.0279599875211715,0,0,2700.294989936675,0.9,7689
2124.321468760824,2124.321468760824,0.1426427681575351,-3.110748507556162,-46.86493947251351,326.35096523771165,-110.90185652050243,-199.05290955012725,-238.30583662813436,-1.846672729708638,0.0381063429578652,-0.1402101499588902,-3.1172664201193365,-46.869832480628496,326.35032853089285,0,0,0.0,0.6864790999347987,0.5451284629492676,0.0045355300230003,0.5009573698043823,-0.0521316155263552,3.660973685331447,0,0.7775732278823853,0.028109960258007,0,0,2700.3346725452543,0.9,7736
2113.0409867400003,2113.0409867400003,0.1424639417966263,-3.069344343584779,-46.788246805280416,326.3345750952898,-114.32884798454732,-190.38816563567875,-243.6679666778671,-1.819756355478799,0.0382110867034183,-0.1428084375329627,-3.0765350369977464,-46.80869772102754,326.33936540787505,0,0,0.0,0.7503626066506582,2.235872142748005,-0.5428974309513682,0.4686803817749023,-0.0533816421117495,3.6636630395552574,0,0.7725811004638671,0.0286600142717361,0,0,2700.3458762291834,0.9,7784
2104.1515704291105,2104.1515704291105,0.1421044453386752,-3.031963505211683,-46.65226705576673,326.2983478023731,-117.05929997676486,-183.10280726161656,-247.8441473141547,-1.7975214107021165,0.0380670034917385,-0.144743517723041,-3.039740227628711,-46.68436806409477,326.30718293193803,0,0,0.0,0.8240867149292184,3.467353480215952,-0.9733043627155124,0.4425148963928222,-0.0545069668555426,3.665853422916849,0,0.7697184681892395,0.0290711894631385,0,0,2700.3072285189533,0.9,7831
2095.6182678517966,2095.6182678517966,0.1416146334844646,-2.991392129036304,-46.47853697268729,326.2395273341107,-119.68560985957208,-175.7494041655692,-251.7715898978356,-1.785624832561404,0.0379518180416901,-0.1449890446741181,-2.99970085500129,-46.51361725818196,326.25344329196054,0,0,0.0,0.8778915244886973,3.6689192564109914,-1.5236818159063843,0.4166259169578552,-0.0557004028362528,3.668030772849845,0,0.7697184681892395,0.0290711894631385,0,0,2700.22247445561,0.9,7878
2087.4348334276124,2087.4348334276124,0.1411156124531619,-2.948331840934292,-46.29824625269216,326.15399807990354,-122.21618906542425,-168.31406528819952,-255.46472722895055,-1.7697302608482133,0.0380346642649902,-0.1471508135183001,-2.9571767567061604,-46.336094462586665,326.17306827447675,0,0,0.0,0.934514406016782,4.00675549501344,-2.0585300808602525,0.3909282088279724,-0.0569651876599864,3.6702063923963366,0,0.766567587852478,0.0295799598097801,0,0,2700.0981727121925,0.9,7926
2079.6031081966657,2079.6031081966657,0.1405011150858895,-2.901714152517473,-46.05745153838588,326.04955318239547,-124.6514996428496,-160.80361826252462,-258.925128809453,-1.72606606003973,0.038003229733323,-0.152903200423832,-2.9115002970610258,-46.11718702582173,326.0709150283571,0,0,0.0,1.0391444325690073,6.538617637926209,-2.2598061968871384,0.3656499087810516,-0.0583473162664332,3.6723711738287776,0,0.7564544081687927,0.0308651849627494,0,0,2699.9483008911,0.9,7973
2072.13252888994,2072.13252888994,0.1394988992326898,-2.849130623864255,-45.68369938637634,325.9392444631158,-126.98516206382374,-153.25350398197958,-262.1443098831657,-1.6808581183623783,0.0375143382572656,-0.1577843734939493,-2.860220921871642,-45.76856350172231,325.9616623185847,0,0,0.0,1.17892104031809,9.109561210488499,-2.3735016537207008,0.341042935848236,-0.0598665998391481,3.6745077993603568,0,0.7506585717201232,0.0318320617079734,0,0,2699.7941926664066,0.9,8021
2065.024079626276,2065.024079626276,0.1382135280988657,-2.790633477716066,-45.235282149669445,325.8184925640298,-129.21208158519806,-145.70128573254811,-265.1171181677341,-1.6584647704049784,0.0370070746036297,-0.1583919619601351,-2.8026684518425182,-45.325060729786976,325.8442104258159,0,0,0.0,1.2726393198317956,9.380950684757442,-2.753543816429983,0.3169420659542083,-0.061476032355065,3.676626038813137,0,0.7506585717201232,0.0318320617079734,0,0,2699.65819014097,0.9,8068
2058.261997161556,2058.261997161556,0.1369290839492298,-2.727653419999968,-44.78946134606127,325.67710012633296,-131.33695456610604,-138.14746553746124,-267.85254729886657,-1.6338037433876234,0.0369360371510897,-0.1632564647007517,-2.7406705439346246,-44.87958378759094,325.70685673197147,0,0,0.0,1.3736279718587738,9.446735782262413,-3.1662258967638803,0.2931264340877533,-0.0631779936121622,3.678747458082855,0,0.7446966171264648,0.0329756215214729,0,0,2699.556720012373,0.9,8116
2051.8638708505405,2051.8638708505405,0.1355624595410448,-2.658590175114728,-44.295368347304766,325.52259632813457,-133.35867367291655,-130.61236734879046,-270.3515953027993,-1.5812463989204697,0.0370857059138221,-0.17605837799172,-2.673176235730629,-44.405182054722935,325.55350757702735,0,0,0.0,1.5461578752225098,11.761999563988322,-3.2517653368535435,0.2698874771595001,-0.0650657205268524,3.6808605230606894,0,0.7300089001655578,0.0358370169997215,0,0,2699.499933791314,0.9,8163
2045.8341769117856,2045.8341769117856,0.1339053990789585,-2.5834568832132803,-43.71964759843224,325.3621357068062,-135.27334420555297,-123.13696769253288,-272.61147147894894,-1.5549126932109507,0.0371101471111811,-0.1778134576772141,-2.5986639513365697,-43.83452787562568,325.39554426238635,0,0,0.0,1.6029168736974504,12.002669990452173,-3.559327319464309,0.2472865730524063,-0.0670959604060351,3.682964568835899,0,0.7300089001655578,0.0358370169997215,0,0,2699.492262291236,0.9,8211
2040.1523134977065,2040.1523134977065,0.1322447526322853,-2.505117259213068,-43.14287949488714,325.1854977506747,-137.08770413441843,-115.71868448202024,-274.6440116814719,-1.5194933673486877,0.0373040987295961,-0.1854137252446719,-2.521229534266216,-43.26135061731447,325.2216868559648,0,0,0.0,1.701163771425842,12.484445410256074,-3.8312982245983127,0.2250946015119552,-0.0692416237953763,3.6850787223754953,0,0.7202062010765075,0.0376097485423088,0,0,2699.529592153432,0.9,8258
2034.819400703878,2034.819400703878,0.1303972694084361,-2.4193833650103715,-42.47578519569261,325.00542019330686,-138.80521865154788,-108.36698876316632,-276.45664193329515,-1.4442880543031895,0.0374591461650788,-0.2042419448570213,-2.4375776458383878,-42.626235953035035,325.0402725038568,0,0,0.0,1.9310033500908048,16.16485457588401,-3.637947399697404,0.2036974132061004,-0.0716397926011922,3.687179852766352,0,0.6993701457977294,0.0418088510632514,0,0,2699.600907740502,0.9,8306
2029.8324422983933,2029.8324422983933,0.1279878871486189,-2.322578577086658,-41.62522085032792,324.83805300834246,-140.4246382156892,-101.12537173705414,-278.05106375859015,-1.3730095893047185,0.0371750478855983,-0.2181006955461299,-2.342825790336956,-41.808026539157055,324.870528131695,0,0,0.0,2.143867210052599,19.398999524147648,-3.3979652814771453,0.1833836436271667,-0.0743226321038616,3.6892464333176727,0,0.6879908442497253,0.0442951992154121,0,0,2699.6939376897108,0.9,8353
2025.187567779937,2025.187567779937,0.1251619739368278,-2.2154390292136217,-40.6521774829109,324.6799509830274,-141.945852010037,-94.0390937248273,-279.43265345542125,-1.3079668511672469,0.0367889750630911,-0.2326843948148445,-2.237793633582412,-40.85501745869554,324.71089008208315,0,0,0.0,2.3654849813288155,21.401585587701906,-3.244724907430033,0.1640632599592208,-0.077255595229667,3.6912814578439455,0,0.6762499809265136,0.047016829252243,0,0,2699.7949760234624,0.9,8401
2020.880694618513,2020.880694618513,0.1221708032587795,-2.1008608738898764,-39.657906885559576,324.52114226670807,-143.3701681330616,-87.14487386634147,-280.60986565301715,-1.2825139653675584,0.0367201452529783,-0.2360341679422446,-2.123988914583266,-39.849490427271434,324.5540769842109,0,0,0.0,2.4345824128774343,19.864557785115174,-3.505968066800021,0.1454308331012725,-0.0803440069649606,3.6933105731487186,0,0.6762499809265136,0.047016829252243,0,0,2699.888788738765,0.9,8448
2016.891379526744,2016.891379526744,0.1194268476744621,-1.982491286570756,-38.74502996762087,324.34764598634723,-144.70815884285608,-80.42213251807513,-281.5996051360452,-1.247399342380169,0.0373601367279272,-0.2505160311403738,-2.0066942978859044,-38.92528263245793,324.3830543333934,0,0,0.0,2.5480124565375326,18.813936930470188,-3.7425299632486135,0.1271902620792388,-0.083607261048438,3.6953664088308273,0,0.6640210151672363,0.0499951019883155,0,0,2699.9595432345977,0.9,8495
2013.2191928177024,2013.2191928177024,0.1165902471943093,-1.8552583270757572,-37.750863235572474,324.1766061538346,-145.97024576932233,-73.84393286065426,-282.4160168739281,-1.1508900447818455,0.0380841228940184,-0.2837448046174389,-1.882075636642844,-37.97178028247532,324.20868227346244,0,0,0.0,2.839702655942075,23.615018167725548,-3.3233174807999744,0.1099078133702278,-0.087273827876291,3.6974098629267176,0,0.633901536464691,0.0569302216172218,0,0,2699.9190371539253,0.9,8543
2009.8568179836848,2009.8568179836848,0.1131666032395712,-1.7179959274036711,-36.600725662434826,324.021313168039,-147.15389041409674,-67.47704526225056,-283.06351755152133,-1.1044916595922625,0.0382698332553676,-0.2901530444094238,-1.7456383212162354,-36.82927892510101,324.05253153940004,0,0,0.0,2.9061989782978306,23.823754441415527,-3.3001247983689352,0.09371929615736,-0.0912432294025331,3.69942519677984,0,0.633901536464691,0.0569302216172218,0,0,2699.914134347923,0.9,8590
2006.793204907981,2006.793204907981,0.1097769471706733,-1.576406352138629,-35.470711180914776,323.8637305985407,-148.26294366663373,-61.344585973742,-283.5547789536521,-1.046638254717306,0.0386188377942988,-0.309783031831271,-1.6054710275907982,-35.69971845249191,323.894938928038,0,0,0.0,3.0666730152581687,24.0587027169581,-3.280684079668731,0.0782645717263221,-0.0954360636510465,3.7014382642204,0,0.6168491244316101,0.0608380287885665,0,0,2699.945926311449,0.9,8638
2004.0169861591671,2004.0169861591671,0.106419878171743,-1.4300747669642933,-34.374382322176444,323.70243218898884,-149.3027935662099,-55.45322219976373,-283.90231924308245,-1.0275029895829189,0.0393028173233443,-0.3146089112875332,-1.4592914882393269,-34.58258866889001,323.73593278283056,0,0,0.0,3.06777587986524,21.515103635426662,-3.5653005874756145,0.0633995607495307,-0.0998248262188453,3.703465957206909,0,0.6168491244316101,0.0608380287885665,0,0,2699.987898077746,0.9,8685
2001.509249958485,2001.509249958485,0.1033105891257859,-1.2788068344023713,-33.32359010790437,323.53396669887184,-150.28491014664624,-49.764891273177774,-284.1200871342935,-0.9458459878264562,0.0404542695830846,-0.3537911803409332,-1.310343260073742,-33.547270391808645,323.5663913022453,0,0,0.0,3.3270787616676203,23.735026745513515,-3.3727730062129857,0.0491980612277984,-0.1045990839479162,3.705506998901989,0,0.5863335728645324,0.0691240951418876,0,0,2700.01843032159,0.9,8733
1999.272096471134,1999.272096471134,0.0996570346463861,-1.1127544433063326,-32.05582605463631,323.38796668670693,-151.2109467302129,-44.31628212947653,-284.218060919254,-0.8173003771132972,0.0411351859023509,-0.4014090637172235,-1.1476103917002152,-32.337619737030664,323.4141468173152,0,0,0.0,3.691290947009612,30.17434635948296,-2.6868849076540946,0.0365847162902355,-0.1100388907753012,3.707462217996604,0,0.5544934868812561,0.078017309308052,0,0,2700.025652775746,0.9,8780
1997.2845076042577,1997.2845076042577,0.0950904274541905,-0.9307456058555512,-30.510926431629507,323.27322162457006,-152.083424121327,-39.16100887682322,-284.2083852636535,-0.7113414257089877,0.0407973512630955,-0.4312505427064645,-0.9682363397173356,-30.835177054216185,323.29418043187746,0,0,0.0,3.953835812656605,34.20847148351634,-2.166709190605724,0.0256874039769172,-0.1160611568421837,3.7092989378373615,0,0.538758397102356,0.0824673250317573,0,0,2700.00967594851,0.9,8828
1995.53858311613,1995.53858311613,0.0901814979270907,-0.7404976872623396,-28.9174756278262,323.1708390085989,-152.90063553008832,-34.36305541579708,-284.1069028880211,-0.6716590122047575,0.0402696034950941,-0.4390083534372576,-0.7787875153894385,-29.22518749035719,323.1917697768931,0,0,0.0,4.031157743669886,31.93406452908174,-2.228065522098321,0.0158743225038051,-0.1223368503382518,3.711065059814306,0,0.538758397102356,0.0824673250317573,0,0,2699.975557009427,0.9,8875
1994.0115274392083,1994.0115274392083,0.0856920174404985,-0.5460786749979875,-27.474615540859755,323.0606681652538,-153.67099009113466,-29.894229970150164,-283.9276543605814,-0.6342455015767058,0.0406596150220129,-0.4632296953691258,-0.5855252238314612,-27.75361492412461,323.08317328124696,0,0,0.0,4.152703556642422,29.002283410550923,-2.3850598341140063,0.0065829781815409,-0.128874904263252,3.71282780916344,0,0.5248610973358154,0.0867687091231346,0,0,2699.9275773015443,0.9,8923
1992.6878745796212,1992.6878745796212,0.0814676913227437,-0.343713436156209,-26.082541296067085,322.94958190533544,-154.4035415693863,-25.717286725692475,-283.68118464204525,-0.5506226102054773,0.0416539349613908,-0.5091872175752501,-0.3852302032622157,-26.37004788883145,322.9707682945999,0,0,0.0,4.371921893958264,30.305495192583837,-2.2045382601070824,-0.0018459249986335,-0.1359722946981771,3.714552352524121,0,0.4936031401157379,0.0951890721917152,0,0,2699.871059888492,0.9,8970
1991.5566634575848,1991.5566634575848,0.0770218969681134,-0.1329106288810146,-24.623844801158068,322.84786672890925,-155.10028754950562,-21.850467009270456,-283.37882787362594,-0.484575403306613,0.0423365431704428,-0.5384659426492542,-0.1755515275664486,-24.917179496348776,322.8677598566331,0,0,0.0,4.4833658490508,30.695828266733773,-2.088845369265947,-0.0091490857303142,-0.1436145592483272,3.716195052949297,0,0.4732777178287506,0.0992047265172004,0,0,2699.8154603704807,0.9,9018
1990.6033041762264,1990.6033041762264,0.0726874438411364,0.0797141637126311,-23.242512247060542,322.74451483928215,-155.76257643160022,-18.3057928978248,-283.0320905407706,-0.4686580099812319,0.0430625360450159,-0.5466377381650217,0.037369674253024,-23.502451580214625,322.7661381058268,0,0,0.0,4.4464822827709805,26.813526849019457,-2.3069304413067857,-0.015842443332076,-0.1515052593413888,3.717814870278034,0,0.4732777178287506,0.0992047265172004,0,0,2699.769991324924,0.9,9065
1989.8108050266053,1989.8108050266053,0.0689555736219854,0.291066299735516,-22.059325265316176,322.6289060011882,-156.39769685425335,-15.039569127129193,-282.6476325174804,-0.4493227923824195,0.0444835367218547,-0.568159069205676,0.2487282242101257,-22.28403741849312,322.6527720210875,0,0,0.0,4.444732802539952,23.25397791574612,-2.530243277074607,-0.022304356098175,-0.1596379689926812,3.7194702136076665,0,0.4535939693450927,0.1027595326304435,0,0,2699.7392234461186,0.9,9112
1989.168191985866,1989.168191985866,0.0656266460573068,0.5030735264783012,-20.980969371164647,322.50677309249943,-157.0113444297656,-12.016287643027038,-282.2306194207982,-0.4025176220902441,0.0461952069357285,-0.6002124303440958,0.4604069227430187,-21.19707773010375,322.53115670990405,0,0,0.0,4.48606064880541,22.661145256677827,-2.56596557948167,-0.0282744225114583,-0.1681742576794969,3.7211238880082727,0,0.4222058653831481,0.1080022528767585,0,0,2699.72483239973,0.9,9160
1988.6638730517843,1988.6638730517843,0.0624199530447001,0.716229279765259,-19.95811330147212,322.3812987485937,-157.60577272351728,-9.228545198383534,-281.7867903841708,-0.3908499497439033,0.0478995342164786,-0.6218354572308116,0.6736161788809735,-20.150816738923258,322.4071483560367,0,0,0.0,4.479272143924587,19.87120377111809,-2.742643384886676,-0.0337854214012622,-0.1770805897397389,3.7227771634334985,0,0.4222058653831481,0.1080022528767585,0,0,2699.727208104438,0.9,9207
1988.286764991679,1988.286764991679,0.0596602467122477,0.9295082701615068,-19.084805078314176,322.24586022090847,-158.1856613158086,-6.648725850885271,-281.31934569640487,-0.3795673944230021,0.0502420189131319,-0.6506107960419405,0.8868229071078968,-19.249768458032783,322.2736284273013,0,0,0.0,4.482327169525028,17.044462876483305,-2.9370582480647647,-0.039139274507761,-0.1863822707005357,3.724484981098352,0,0.4086491167545318,0.1095906868577003,0,0,2699.743625001382,0.9,9255
1988.0276654293425,1988.0276654293425,0.0572414933452777,1.1424912616532414,-18.306280248432643,322.1029255893748,-158.75662101760787,-4.244538674484664,-280.8291914201308,-0.3537367680217401,0.0527646929023378,-0.6742234044281694,1.1000078593893765,-18.459470957734247,322.1317982972816,0,0,0.0,4.451073734378905,15.953704501235151,-3.0369189941496817,-0.0442176535725593,-0.1960936643769426,3.726232178574029,0,0.3890209197998046,0.110404796898365,0,0,2699.768881624986,0.9,9302
1987.87945368562,1987.87945368562,0.0549773937702195,1.353225576486646,-17.580209516366562,321.95570368051665,-159.31877020024675,-2.0123525204476103,-280.32098219913905,-0.3386169014780785,0.0550442646966664,-0.6888446122881252,1.3112625725438876,-17.71978575661424,321.9856049634262,0,0,0.0,4.406016155561596,14.469048462296152,-3.1571529583918783,-0.0489597544074058,-0.2060604450396531,3.7279983933930505,0,0.3818646371364593,0.1098648980259895,0,0,2699.797215875291,0.9,9350
1987.833669834824,1987.833669834824,0.0529882183270443,1.5619235837201064,-16.95567008833839,321.80109203337565,-159.87447430805446,0.0636733388874795,-279.7964030200977,-0.3425396749353411,0.0575293632299239,-0.7038473015967639,1.5203291464463529,-17.069325184754224,321.83280092824793,0,0,0.0,4.3689912811086025,11.630043322810447,-3.3565178113047742,-0.0535988733172416,-0.2162479900134614,3.729828877976384,0,0.3818646371364593,0.1098648980259895,0,0,2699.822930184824,0.9,9397
1987.8835825287333,1987.8835825287333,0.0514200432294374,1.7680853801440088,-16.466079394357703,321.6363949607876,-160.42879057319243,2.0146940825009807,-279.2539638716834,-0.3464579432516881,0.0604726486865856,-0.7115311973938863,1.7272138270916884,-16.554881611574757,321.6700631942504,0,0,0.0,4.282540724996175,9.08184974483049,-3.554582907521605,-0.0582840256392955,-0.2266277439321223,3.7317643274515446,0,0.3759064376354217,0.1089388653635978,0,0,2699.8404339638987,0.9,9445
